entity_id,entity_name,account_id,account_name,account_type,period,scenario,amount_gbp,currency,dataset
OPCO_A,North Ops,REV_PROD,Product revenue,Revenue,2025-01,Actual,432398.3,GBP,SYNTHETIC_PUBLIC_SAFE
OPCO_A,North Ops,REV_PROD,Product revenue,Revenue,2025-01,Budget,412335.32,GBP,SYNTHETIC_PUBLIC_SAFE
OPCO_A,North Ops,REV_PROD,Product revenue,Revenue,2025-01,Forecast,416665.6,GBP,SYNTHETIC_PUBLIC_SAFE
OPCO_A,North Ops,REV_PROD,Product revenue,Revenue,2025-02,Actual,410891.52,GBP,SYNTHETIC_PUBLIC_SAFE
OPCO_A,North Ops,REV_PROD,Product revenue,Revenue,2025-02,Budget,436403.18,GBP,SYNTHETIC_PUBLIC_SAFE
OPCO_A,North Ops,REV_PROD,Product revenue,Revenue,2025-02,Forecast,428138.85,GBP,SYNTHETIC_PUBLIC_SAFE
OPCO_A,North Ops,REV_PROD,Product revenue,Revenue,2025-03,Actual,453765.76,GBP,SYNTHETIC_PUBLIC_SAFE
OPCO_A,North Ops,REV_PROD,Product revenue,Revenue,2025-03,Budget,420180.09,GBP,SYNTHETIC_PUBLIC_SAFE
OPCO_A,North Ops,REV_PROD,Product revenue,Revenue,2025-03,Forecast,434925.84,GBP,SYNTHETIC_PUBLIC_SAFE
OPCO_A,North Ops,REV_PROD,Product revenue,Revenue,2025-04,Actual,405204.12,GBP,SYNTHETIC_PUBLIC_SAFE
OPCO_A,North Ops,REV_PROD,Product revenue,Revenue,2025-04,Budget,427148.57,GBP,SYNTHETIC_PUBLIC_SAFE
OPCO_A,North Ops,REV_PROD,Product revenue,Revenue,2025-04,Forecast,416310.07,GBP,SYNTHETIC_PUBLIC_SAFE
OPCO_A,North Ops,REV_PROD,Product revenue,Revenue,2025-05,Actual,407890.8,GBP,SYNTHETIC_PUBLIC_SAFE
OPCO_A,North Ops,REV_PROD,Product revenue,Revenue,2025-05,Budget,429589.71,GBP,SYNTHETIC_PUBLIC_SAFE
OPCO_A,North Ops,REV_PROD,Product revenue,Revenue,2025-05,Forecast,422506.01,GBP,SYNTHETIC_PUBLIC_SAFE
OPCO_A,North Ops,REV_PROD,Product revenue,Revenue,2025-06,Actual,442364.11,GBP,SYNTHETIC_PUBLIC_SAFE
OPCO_A,North Ops,REV_PROD,Product revenue,Revenue,2025-06,Budget,433283.9,GBP,SYNTHETIC_PUBLIC_SAFE
OPCO_A,North Ops,REV_PROD,Product revenue,Revenue,2025-06,Forecast,440168.96,GBP,SYNTHETIC_PUBLIC_SAFE
OPCO_A,North Ops,REV_PROD,Product revenue,Revenue,2025-07,Actual,461699.0,GBP,SYNTHETIC_PUBLIC_SAFE
OPCO_A,North Ops,REV_PROD,Product revenue,Revenue,2025-07,Budget,429760.13,GBP,SYNTHETIC_PUBLIC_SAFE
OPCO_A,North Ops,REV_PROD,Product revenue,Revenue,2025-07,Forecast,453908.33,GBP,SYNTHETIC_PUBLIC_SAFE
OPCO_A,North Ops,REV_PROD,Product revenue,Revenue,2025-08,Actual,458039.35,GBP,SYNTHETIC_PUBLIC_SAFE
OPCO_A,North Ops,REV_PROD,Product revenue,Revenue,2025-08,Budget,443066.81,GBP,SYNTHETIC_PUBLIC_SAFE
OPCO_A,North Ops,REV_PROD,Product revenue,Revenue,2025-08,Forecast,441239.59,GBP,SYNTHETIC_PUBLIC_SAFE
OPCO_A,North Ops,REV_PROD,Product revenue,Revenue,2025-09,Actual,477329.02,GBP,SYNTHETIC_PUBLIC_SAFE
OPCO_A,North Ops,REV_PROD,Product revenue,Revenue,2025-09,Budget,446019.28,GBP,SYNTHETIC_PUBLIC_SAFE
OPCO_A,North Ops,REV_PROD,Product revenue,Revenue,2025-09,Forecast,450393.03,GBP,SYNTHETIC_PUBLIC_SAFE
OPCO_A,North Ops,REV_PROD,Product revenue,Revenue,2025-10,Actual,426700.61,GBP,SYNTHETIC_PUBLIC_SAFE
OPCO_A,North Ops,REV_PROD,Product revenue,Revenue,2025-10,Budget,465088.31,GBP,SYNTHETIC_PUBLIC_SAFE
OPCO_A,North Ops,REV_PROD,Product revenue,Revenue,2025-10,Forecast,448669.51,GBP,SYNTHETIC_PUBLIC_SAFE
OPCO_A,North Ops,REV_PROD,Product revenue,Revenue,2025-11,Actual,474423.44,GBP,SYNTHETIC_PUBLIC_SAFE
OPCO_A,North Ops,REV_PROD,Product revenue,Revenue,2025-11,Budget,464548.96,GBP,SYNTHETIC_PUBLIC_SAFE
OPCO_A,North Ops,REV_PROD,Product revenue,Revenue,2025-11,Forecast,470506.72,GBP,SYNTHETIC_PUBLIC_SAFE
OPCO_A,North Ops,REV_PROD,Product revenue,Revenue,2025-12,Actual,488180.74,GBP,SYNTHETIC_PUBLIC_SAFE
OPCO_A,North Ops,REV_PROD,Product revenue,Revenue,2025-12,Budget,456547.22,GBP,SYNTHETIC_PUBLIC_SAFE
OPCO_A,North Ops,REV_PROD,Product revenue,Revenue,2025-12,Forecast,473838.91,GBP,SYNTHETIC_PUBLIC_SAFE
OPCO_A,North Ops,REV_PROD,Product revenue,Revenue,2026-01,Actual,443568.99,GBP,SYNTHETIC_PUBLIC_SAFE
OPCO_A,North Ops,REV_PROD,Product revenue,Revenue,2026-01,Budget,429784.48,GBP,SYNTHETIC_PUBLIC_SAFE
OPCO_A,North Ops,REV_PROD,Product revenue,Revenue,2026-01,Forecast,446153.67,GBP,SYNTHETIC_PUBLIC_SAFE
OPCO_A,North Ops,REV_PROD,Product revenue,Revenue,2026-02,Actual,431866.48,GBP,SYNTHETIC_PUBLIC_SAFE
OPCO_A,North Ops,REV_PROD,Product revenue,Revenue,2026-02,Budget,435458.52,GBP,SYNTHETIC_PUBLIC_SAFE
OPCO_A,North Ops,REV_PROD,Product revenue,Revenue,2026-02,Forecast,421844.96,GBP,SYNTHETIC_PUBLIC_SAFE
OPCO_A,North Ops,REV_PROD,Product revenue,Revenue,2026-03,Actual,414137.88,GBP,SYNTHETIC_PUBLIC_SAFE
OPCO_A,North Ops,REV_PROD,Product revenue,Revenue,2026-03,Budget,426218.67,GBP,SYNTHETIC_PUBLIC_SAFE
OPCO_A,North Ops,REV_PROD,Product revenue,Revenue,2026-03,Forecast,409584.54,GBP,SYNTHETIC_PUBLIC_SAFE
OPCO_A,North Ops,REV_PROD,Product revenue,Revenue,2026-04,Actual,417400.57,GBP,SYNTHETIC_PUBLIC_SAFE
OPCO_A,North Ops,REV_PROD,Product revenue,Revenue,2026-04,Budget,423614.59,GBP,SYNTHETIC_PUBLIC_SAFE
OPCO_A,North Ops,REV_PROD,Product revenue,Revenue,2026-04,Forecast,414905.75,GBP,SYNTHETIC_PUBLIC_SAFE
OPCO_A,North Ops,REV_PROD,Product revenue,Revenue,2026-05,Actual,444750.7,GBP,SYNTHETIC_PUBLIC_SAFE
OPCO_A,North Ops,REV_PROD,Product revenue,Revenue,2026-05,Budget,434611.92,GBP,SYNTHETIC_PUBLIC_SAFE
OPCO_A,North Ops,REV_PROD,Product revenue,Revenue,2026-05,Forecast,436256.57,GBP,SYNTHETIC_PUBLIC_SAFE
OPCO_A,North Ops,REV_PROD,Product revenue,Revenue,2026-06,Actual,421923.34,GBP,SYNTHETIC_PUBLIC_SAFE
OPCO_A,North Ops,REV_PROD,Product revenue,Revenue,2026-06,Budget,434701.84,GBP,SYNTHETIC_PUBLIC_SAFE
OPCO_A,North Ops,REV_PROD,Product revenue,Revenue,2026-06,Forecast,439534.07,GBP,SYNTHETIC_PUBLIC_SAFE
OPCO_A,North Ops,REV_SERV,Service revenue,Revenue,2025-01,Actual,185530.49,GBP,SYNTHETIC_PUBLIC_SAFE
OPCO_A,North Ops,REV_SERV,Service revenue,Revenue,2025-01,Budget,184075.05,GBP,SYNTHETIC_PUBLIC_SAFE
OPCO_A,North Ops,REV_SERV,Service revenue,Revenue,2025-01,Forecast,181156.3,GBP,SYNTHETIC_PUBLIC_SAFE
OPCO_A,North Ops,REV_SERV,Service revenue,Revenue,2025-02,Actual,188938.17,GBP,SYNTHETIC_PUBLIC_SAFE
OPCO_A,North Ops,REV_SERV,Service revenue,Revenue,2025-02,Budget,179756.75,GBP,SYNTHETIC_PUBLIC_SAFE
OPCO_A,North Ops,REV_SERV,Service revenue,Revenue,2025-02,Forecast,183014.14,GBP,SYNTHETIC_PUBLIC_SAFE
OPCO_A,North Ops,REV_SERV,Service revenue,Revenue,2025-03,Actual,196959.78,GBP,SYNTHETIC_PUBLIC_SAFE
OPCO_A,North Ops,REV_SERV,Service revenue,Revenue,2025-03,Budget,187147.11,GBP,SYNTHETIC_PUBLIC_SAFE
OPCO_A,North Ops,REV_SERV,Service revenue,Revenue,2025-03,Forecast,192709.69,GBP,SYNTHETIC_PUBLIC_SAFE
OPCO_A,North Ops,REV_SERV,Service revenue,Revenue,2025-04,Actual,190520.33,GBP,SYNTHETIC_PUBLIC_SAFE
OPCO_A,North Ops,REV_SERV,Service revenue,Revenue,2025-04,Budget,191100.37,GBP,SYNTHETIC_PUBLIC_SAFE
OPCO_A,North Ops,REV_SERV,Service revenue,Revenue,2025-04,Forecast,193970.17,GBP,SYNTHETIC_PUBLIC_SAFE
OPCO_A,North Ops,REV_SERV,Service revenue,Revenue,2025-05,Actual,180062.11,GBP,SYNTHETIC_PUBLIC_SAFE
OPCO_A,North Ops,REV_SERV,Service revenue,Revenue,2025-05,Budget,181947.87,GBP,SYNTHETIC_PUBLIC_SAFE
OPCO_A,North Ops,REV_SERV,Service revenue,Revenue,2025-05,Forecast,179000.75,GBP,SYNTHETIC_PUBLIC_SAFE
OPCO_A,North Ops,REV_SERV,Service revenue,Revenue,2025-06,Actual,182345.15,GBP,SYNTHETIC_PUBLIC_SAFE
OPCO_A,North Ops,REV_SERV,Service revenue,Revenue,2025-06,Budget,185569.6,GBP,SYNTHETIC_PUBLIC_SAFE
OPCO_A,North Ops,REV_SERV,Service revenue,Revenue,2025-06,Forecast,188845.97,GBP,SYNTHETIC_PUBLIC_SAFE
OPCO_A,North Ops,REV_SERV,Service revenue,Revenue,2025-07,Actual,199631.42,GBP,SYNTHETIC_PUBLIC_SAFE
OPCO_A,North Ops,REV_SERV,Service revenue,Revenue,2025-07,Budget,188235.41,GBP,SYNTHETIC_PUBLIC_SAFE
OPCO_A,North Ops,REV_SERV,Service revenue,Revenue,2025-07,Forecast,195742.1,GBP,SYNTHETIC_PUBLIC_SAFE
OPCO_A,North Ops,REV_SERV,Service revenue,Revenue,2025-08,Actual,188291.3,GBP,SYNTHETIC_PUBLIC_SAFE
OPCO_A,North Ops,REV_SERV,Service revenue,Revenue,2025-08,Budget,197490.3,GBP,SYNTHETIC_PUBLIC_SAFE
OPCO_A,North Ops,REV_SERV,Service revenue,Revenue,2025-08,Forecast,192414.57,GBP,SYNTHETIC_PUBLIC_SAFE
OPCO_A,North Ops,REV_SERV,Service revenue,Revenue,2025-09,Actual,186107.71,GBP,SYNTHETIC_PUBLIC_SAFE
OPCO_A,North Ops,REV_SERV,Service revenue,Revenue,2025-09,Budget,189951.58,GBP,SYNTHETIC_PUBLIC_SAFE
OPCO_A,North Ops,REV_SERV,Service revenue,Revenue,2025-09,Forecast,188721.99,GBP,SYNTHETIC_PUBLIC_SAFE
OPCO_A,North Ops,REV_SERV,Service revenue,Revenue,2025-10,Actual,187329.38,GBP,SYNTHETIC_PUBLIC_SAFE
OPCO_A,North Ops,REV_SERV,Service revenue,Revenue,2025-10,Budget,195794.09,GBP,SYNTHETIC_PUBLIC_SAFE
OPCO_A,North Ops,REV_SERV,Service revenue,Revenue,2025-10,Forecast,196134.19,GBP,SYNTHETIC_PUBLIC_SAFE
OPCO_A,North Ops,REV_SERV,Service revenue,Revenue,2025-11,Actual,192302.34,GBP,SYNTHETIC_PUBLIC_SAFE
OPCO_A,North Ops,REV_SERV,Service revenue,Revenue,2025-11,Budget,192193.51,GBP,SYNTHETIC_PUBLIC_SAFE
OPCO_A,North Ops,REV_SERV,Service revenue,Revenue,2025-11,Forecast,197986.96,GBP,SYNTHETIC_PUBLIC_SAFE
OPCO_A,North Ops,REV_SERV,Service revenue,Revenue,2025-12,Actual,196603.27,GBP,SYNTHETIC_PUBLIC_SAFE
OPCO_A,North Ops,REV_SERV,Service revenue,Revenue,2025-12,Budget,191749.1,GBP,SYNTHETIC_PUBLIC_SAFE
OPCO_A,North Ops,REV_SERV,Service revenue,Revenue,2025-12,Forecast,188899.83,GBP,SYNTHETIC_PUBLIC_SAFE
OPCO_A,North Ops,REV_SERV,Service revenue,Revenue,2026-01,Actual,171963.16,GBP,SYNTHETIC_PUBLIC_SAFE
OPCO_A,North Ops,REV_SERV,Service revenue,Revenue,2026-01,Budget,184305.82,GBP,SYNTHETIC_PUBLIC_SAFE
OPCO_A,North Ops,REV_SERV,Service revenue,Revenue,2026-01,Forecast,181256.25,GBP,SYNTHETIC_PUBLIC_SAFE
OPCO_A,North Ops,REV_SERV,Service revenue,Revenue,2026-02,Actual,181146.35,GBP,SYNTHETIC_PUBLIC_SAFE
OPCO_A,North Ops,REV_SERV,Service revenue,Revenue,2026-02,Budget,178489.18,GBP,SYNTHETIC_PUBLIC_SAFE
OPCO_A,North Ops,REV_SERV,Service revenue,Revenue,2026-02,Forecast,178540.55,GBP,SYNTHETIC_PUBLIC_SAFE
OPCO_A,North Ops,REV_SERV,Service revenue,Revenue,2026-03,Actual,197128.47,GBP,SYNTHETIC_PUBLIC_SAFE
OPCO_A,North Ops,REV_SERV,Service revenue,Revenue,2026-03,Budget,185729.63,GBP,SYNTHETIC_PUBLIC_SAFE
OPCO_A,North Ops,REV_SERV,Service revenue,Revenue,2026-03,Forecast,196839.74,GBP,SYNTHETIC_PUBLIC_SAFE
OPCO_A,North Ops,REV_SERV,Service revenue,Revenue,2026-04,Actual,195056.56,GBP,SYNTHETIC_PUBLIC_SAFE
OPCO_A,North Ops,REV_SERV,Service revenue,Revenue,2026-04,Budget,180396.54,GBP,SYNTHETIC_PUBLIC_SAFE
OPCO_A,North Ops,REV_SERV,Service revenue,Revenue,2026-04,Forecast,190212.67,GBP,SYNTHETIC_PUBLIC_SAFE
OPCO_A,North Ops,REV_SERV,Service revenue,Revenue,2026-05,Actual,191801.04,GBP,SYNTHETIC_PUBLIC_SAFE
OPCO_A,North Ops,REV_SERV,Service revenue,Revenue,2026-05,Budget,188494.29,GBP,SYNTHETIC_PUBLIC_SAFE
OPCO_A,North Ops,REV_SERV,Service revenue,Revenue,2026-05,Forecast,187487.41,GBP,SYNTHETIC_PUBLIC_SAFE
OPCO_A,North Ops,REV_SERV,Service revenue,Revenue,2026-06,Actual,192092.32,GBP,SYNTHETIC_PUBLIC_SAFE
OPCO_A,North Ops,REV_SERV,Service revenue,Revenue,2026-06,Budget,184271.21,GBP,SYNTHETIC_PUBLIC_SAFE
OPCO_A,North Ops,REV_SERV,Service revenue,Revenue,2026-06,Forecast,187445.21,GBP,SYNTHETIC_PUBLIC_SAFE
OPCO_A,North Ops,COGS,Cost of sales,COGS,2025-01,Actual,260915.54,GBP,SYNTHETIC_PUBLIC_SAFE
OPCO_A,North Ops,COGS,Cost of sales,COGS,2025-01,Budget,272159.45,GBP,SYNTHETIC_PUBLIC_SAFE
OPCO_A,North Ops,COGS,Cost of sales,COGS,2025-01,Forecast,272548.23,GBP,SYNTHETIC_PUBLIC_SAFE
OPCO_A,North Ops,COGS,Cost of sales,COGS,2025-02,Actual,255834.54,GBP,SYNTHETIC_PUBLIC_SAFE
OPCO_A,North Ops,COGS,Cost of sales,COGS,2025-02,Budget,265830.02,GBP,SYNTHETIC_PUBLIC_SAFE
OPCO_A,North Ops,COGS,Cost of sales,COGS,2025-02,Forecast,255803.2,GBP,SYNTHETIC_PUBLIC_SAFE
OPCO_A,North Ops,COGS,Cost of sales,COGS,2025-03,Actual,281657.76,GBP,SYNTHETIC_PUBLIC_SAFE
OPCO_A,North Ops,COGS,Cost of sales,COGS,2025-03,Budget,274580.07,GBP,SYNTHETIC_PUBLIC_SAFE
OPCO_A,North Ops,COGS,Cost of sales,COGS,2025-03,Forecast,274755.54,GBP,SYNTHETIC_PUBLIC_SAFE
OPCO_A,North Ops,COGS,Cost of sales,COGS,2025-04,Actual,273497.57,GBP,SYNTHETIC_PUBLIC_SAFE
OPCO_A,North Ops,COGS,Cost of sales,COGS,2025-04,Budget,271684.35,GBP,SYNTHETIC_PUBLIC_SAFE
OPCO_A,North Ops,COGS,Cost of sales,COGS,2025-04,Forecast,266912.99,GBP,SYNTHETIC_PUBLIC_SAFE
OPCO_A,North Ops,COGS,Cost of sales,COGS,2025-05,Actual,280072.64,GBP,SYNTHETIC_PUBLIC_SAFE
OPCO_A,North Ops,COGS,Cost of sales,COGS,2025-05,Budget,272314.64,GBP,SYNTHETIC_PUBLIC_SAFE
OPCO_A,North Ops,COGS,Cost of sales,COGS,2025-05,Forecast,280810.93,GBP,SYNTHETIC_PUBLIC_SAFE
OPCO_A,North Ops,COGS,Cost of sales,COGS,2025-06,Actual,273294.14,GBP,SYNTHETIC_PUBLIC_SAFE
OPCO_A,North Ops,COGS,Cost of sales,COGS,2025-06,Budget,264076.24,GBP,SYNTHETIC_PUBLIC_SAFE
OPCO_A,North Ops,COGS,Cost of sales,COGS,2025-06,Forecast,265850.39,GBP,SYNTHETIC_PUBLIC_SAFE
OPCO_A,North Ops,COGS,Cost of sales,COGS,2025-07,Actual,255804.62,GBP,SYNTHETIC_PUBLIC_SAFE
OPCO_A,North Ops,COGS,Cost of sales,COGS,2025-07,Budget,283566.01,GBP,SYNTHETIC_PUBLIC_SAFE
OPCO_A,North Ops,COGS,Cost of sales,COGS,2025-07,Forecast,275813.46,GBP,SYNTHETIC_PUBLIC_SAFE
OPCO_A,North Ops,COGS,Cost of sales,COGS,2025-08,Actual,288655.96,GBP,SYNTHETIC_PUBLIC_SAFE
OPCO_A,North Ops,COGS,Cost of sales,COGS,2025-08,Budget,273653.32,GBP,SYNTHETIC_PUBLIC_SAFE
OPCO_A,North Ops,COGS,Cost of sales,COGS,2025-08,Forecast,273697.16,GBP,SYNTHETIC_PUBLIC_SAFE
OPCO_A,North Ops,COGS,Cost of sales,COGS,2025-09,Actual,292438.65,GBP,SYNTHETIC_PUBLIC_SAFE
OPCO_A,North Ops,COGS,Cost of sales,COGS,2025-09,Budget,287861.94,GBP,SYNTHETIC_PUBLIC_SAFE
OPCO_A,North Ops,COGS,Cost of sales,COGS,2025-09,Forecast,282936.93,GBP,SYNTHETIC_PUBLIC_SAFE
OPCO_A,North Ops,COGS,Cost of sales,COGS,2025-10,Actual,279245.04,GBP,SYNTHETIC_PUBLIC_SAFE
OPCO_A,North Ops,COGS,Cost of sales,COGS,2025-10,Budget,272819.94,GBP,SYNTHETIC_PUBLIC_SAFE
OPCO_A,North Ops,COGS,Cost of sales,COGS,2025-10,Forecast,280348.57,GBP,SYNTHETIC_PUBLIC_SAFE
OPCO_A,North Ops,COGS,Cost of sales,COGS,2025-11,Actual,292078.29,GBP,SYNTHETIC_PUBLIC_SAFE
OPCO_A,North Ops,COGS,Cost of sales,COGS,2025-11,Budget,275837.58,GBP,SYNTHETIC_PUBLIC_SAFE
OPCO_A,North Ops,COGS,Cost of sales,COGS,2025-11,Forecast,283536.81,GBP,SYNTHETIC_PUBLIC_SAFE
OPCO_A,North Ops,COGS,Cost of sales,COGS,2025-12,Actual,285565.88,GBP,SYNTHETIC_PUBLIC_SAFE
OPCO_A,North Ops,COGS,Cost of sales,COGS,2025-12,Budget,280393.95,GBP,SYNTHETIC_PUBLIC_SAFE
OPCO_A,North Ops,COGS,Cost of sales,COGS,2025-12,Forecast,289303.38,GBP,SYNTHETIC_PUBLIC_SAFE
OPCO_A,North Ops,COGS,Cost of sales,COGS,2026-01,Actual,259802.22,GBP,SYNTHETIC_PUBLIC_SAFE
OPCO_A,North Ops,COGS,Cost of sales,COGS,2026-01,Budget,258654.73,GBP,SYNTHETIC_PUBLIC_SAFE
OPCO_A,North Ops,COGS,Cost of sales,COGS,2026-01,Forecast,259839.67,GBP,SYNTHETIC_PUBLIC_SAFE
OPCO_A,North Ops,COGS,Cost of sales,COGS,2026-02,Actual,272940.18,GBP,SYNTHETIC_PUBLIC_SAFE
OPCO_A,North Ops,COGS,Cost of sales,COGS,2026-02,Budget,260340.67,GBP,SYNTHETIC_PUBLIC_SAFE
OPCO_A,North Ops,COGS,Cost of sales,COGS,2026-02,Forecast,263628.18,GBP,SYNTHETIC_PUBLIC_SAFE
OPCO_A,North Ops,COGS,Cost of sales,COGS,2026-03,Actual,284705.23,GBP,SYNTHETIC_PUBLIC_SAFE
OPCO_A,North Ops,COGS,Cost of sales,COGS,2026-03,Budget,270506.0,GBP,SYNTHETIC_PUBLIC_SAFE
OPCO_A,North Ops,COGS,Cost of sales,COGS,2026-03,Forecast,276574.59,GBP,SYNTHETIC_PUBLIC_SAFE
OPCO_A,North Ops,COGS,Cost of sales,COGS,2026-04,Actual,268983.17,GBP,SYNTHETIC_PUBLIC_SAFE
OPCO_A,North Ops,COGS,Cost of sales,COGS,2026-04,Budget,262609.6,GBP,SYNTHETIC_PUBLIC_SAFE
OPCO_A,North Ops,COGS,Cost of sales,COGS,2026-04,Forecast,261405.92,GBP,SYNTHETIC_PUBLIC_SAFE
OPCO_A,North Ops,COGS,Cost of sales,COGS,2026-05,Actual,264174.13,GBP,SYNTHETIC_PUBLIC_SAFE
OPCO_A,North Ops,COGS,Cost of sales,COGS,2026-05,Budget,273231.07,GBP,SYNTHETIC_PUBLIC_SAFE
OPCO_A,North Ops,COGS,Cost of sales,COGS,2026-05,Forecast,264351.47,GBP,SYNTHETIC_PUBLIC_SAFE
OPCO_A,North Ops,COGS,Cost of sales,COGS,2026-06,Actual,261594.67,GBP,SYNTHETIC_PUBLIC_SAFE
OPCO_A,North Ops,COGS,Cost of sales,COGS,2026-06,Budget,265404.51,GBP,SYNTHETIC_PUBLIC_SAFE
OPCO_A,North Ops,COGS,Cost of sales,COGS,2026-06,Forecast,265572.32,GBP,SYNTHETIC_PUBLIC_SAFE
OPCO_A,North Ops,OPEX_SGA,SG&A,OpEx,2025-01,Actual,106925.7,GBP,SYNTHETIC_PUBLIC_SAFE
OPCO_A,North Ops,OPEX_SGA,SG&A,OpEx,2025-01,Budget,114771.73,GBP,SYNTHETIC_PUBLIC_SAFE
OPCO_A,North Ops,OPEX_SGA,SG&A,OpEx,2025-01,Forecast,113240.62,GBP,SYNTHETIC_PUBLIC_SAFE
OPCO_A,North Ops,OPEX_SGA,SG&A,OpEx,2025-02,Actual,105251.14,GBP,SYNTHETIC_PUBLIC_SAFE
OPCO_A,North Ops,OPEX_SGA,SG&A,OpEx,2025-02,Budget,110429.96,GBP,SYNTHETIC_PUBLIC_SAFE
OPCO_A,North Ops,OPEX_SGA,SG&A,OpEx,2025-02,Forecast,108933.91,GBP,SYNTHETIC_PUBLIC_SAFE
OPCO_A,North Ops,OPEX_SGA,SG&A,OpEx,2025-03,Actual,108251.24,GBP,SYNTHETIC_PUBLIC_SAFE
OPCO_A,North Ops,OPEX_SGA,SG&A,OpEx,2025-03,Budget,110401.62,GBP,SYNTHETIC_PUBLIC_SAFE
OPCO_A,North Ops,OPEX_SGA,SG&A,OpEx,2025-03,Forecast,112183.22,GBP,SYNTHETIC_PUBLIC_SAFE
OPCO_A,North Ops,OPEX_SGA,SG&A,OpEx,2025-04,Actual,114641.93,GBP,SYNTHETIC_PUBLIC_SAFE
OPCO_A,North Ops,OPEX_SGA,SG&A,OpEx,2025-04,Budget,113870.98,GBP,SYNTHETIC_PUBLIC_SAFE
OPCO_A,North Ops,OPEX_SGA,SG&A,OpEx,2025-04,Forecast,116207.63,GBP,SYNTHETIC_PUBLIC_SAFE
OPCO_A,North Ops,OPEX_SGA,SG&A,OpEx,2025-05,Actual,119205.21,GBP,SYNTHETIC_PUBLIC_SAFE
OPCO_A,North Ops,OPEX_SGA,SG&A,OpEx,2025-05,Budget,112444.81,GBP,SYNTHETIC_PUBLIC_SAFE
OPCO_A,North Ops,OPEX_SGA,SG&A,OpEx,2025-05,Forecast,113023.88,GBP,SYNTHETIC_PUBLIC_SAFE
OPCO_A,North Ops,OPEX_SGA,SG&A,OpEx,2025-06,Actual,114039.58,GBP,SYNTHETIC_PUBLIC_SAFE
OPCO_A,North Ops,OPEX_SGA,SG&A,OpEx,2025-06,Budget,115100.16,GBP,SYNTHETIC_PUBLIC_SAFE
OPCO_A,North Ops,OPEX_SGA,SG&A,OpEx,2025-06,Forecast,114343.19,GBP,SYNTHETIC_PUBLIC_SAFE
OPCO_A,North Ops,OPEX_SGA,SG&A,OpEx,2025-07,Actual,119629.71,GBP,SYNTHETIC_PUBLIC_SAFE
OPCO_A,North Ops,OPEX_SGA,SG&A,OpEx,2025-07,Budget,117915.16,GBP,SYNTHETIC_PUBLIC_SAFE
OPCO_A,North Ops,OPEX_SGA,SG&A,OpEx,2025-07,Forecast,122222.76,GBP,SYNTHETIC_PUBLIC_SAFE
OPCO_A,North Ops,OPEX_SGA,SG&A,OpEx,2025-08,Actual,110256.79,GBP,SYNTHETIC_PUBLIC_SAFE
OPCO_A,North Ops,OPEX_SGA,SG&A,OpEx,2025-08,Budget,116546.01,GBP,SYNTHETIC_PUBLIC_SAFE
OPCO_A,North Ops,OPEX_SGA,SG&A,OpEx,2025-08,Forecast,112308.0,GBP,SYNTHETIC_PUBLIC_SAFE
OPCO_A,North Ops,OPEX_SGA,SG&A,OpEx,2025-09,Actual,123457.82,GBP,SYNTHETIC_PUBLIC_SAFE
OPCO_A,North Ops,OPEX_SGA,SG&A,OpEx,2025-09,Budget,116098.05,GBP,SYNTHETIC_PUBLIC_SAFE
OPCO_A,North Ops,OPEX_SGA,SG&A,OpEx,2025-09,Forecast,117551.57,GBP,SYNTHETIC_PUBLIC_SAFE
OPCO_A,North Ops,OPEX_SGA,SG&A,OpEx,2025-10,Actual,117528.85,GBP,SYNTHETIC_PUBLIC_SAFE
OPCO_A,North Ops,OPEX_SGA,SG&A,OpEx,2025-10,Budget,118317.12,GBP,SYNTHETIC_PUBLIC_SAFE
OPCO_A,North Ops,OPEX_SGA,SG&A,OpEx,2025-10,Forecast,116356.11,GBP,SYNTHETIC_PUBLIC_SAFE
OPCO_A,North Ops,OPEX_SGA,SG&A,OpEx,2025-11,Actual,115046.8,GBP,SYNTHETIC_PUBLIC_SAFE
OPCO_A,North Ops,OPEX_SGA,SG&A,OpEx,2025-11,Budget,123266.17,GBP,SYNTHETIC_PUBLIC_SAFE
OPCO_A,North Ops,OPEX_SGA,SG&A,OpEx,2025-11,Forecast,118749.9,GBP,SYNTHETIC_PUBLIC_SAFE
OPCO_A,North Ops,OPEX_SGA,SG&A,OpEx,2025-12,Actual,125997.96,GBP,SYNTHETIC_PUBLIC_SAFE
OPCO_A,North Ops,OPEX_SGA,SG&A,OpEx,2025-12,Budget,121000.51,GBP,SYNTHETIC_PUBLIC_SAFE
OPCO_A,North Ops,OPEX_SGA,SG&A,OpEx,2025-12,Forecast,120169.12,GBP,SYNTHETIC_PUBLIC_SAFE
OPCO_A,North Ops,OPEX_SGA,SG&A,OpEx,2026-01,Actual,118788.95,GBP,SYNTHETIC_PUBLIC_SAFE
OPCO_A,North Ops,OPEX_SGA,SG&A,OpEx,2026-01,Budget,114237.41,GBP,SYNTHETIC_PUBLIC_SAFE
OPCO_A,North Ops,OPEX_SGA,SG&A,OpEx,2026-01,Forecast,119791.83,GBP,SYNTHETIC_PUBLIC_SAFE
OPCO_A,North Ops,OPEX_SGA,SG&A,OpEx,2026-02,Actual,118521.8,GBP,SYNTHETIC_PUBLIC_SAFE
OPCO_A,North Ops,OPEX_SGA,SG&A,OpEx,2026-02,Budget,115166.48,GBP,SYNTHETIC_PUBLIC_SAFE
OPCO_A,North Ops,OPEX_SGA,SG&A,OpEx,2026-02,Forecast,114504.76,GBP,SYNTHETIC_PUBLIC_SAFE
OPCO_A,North Ops,OPEX_SGA,SG&A,OpEx,2026-03,Actual,112491.66,GBP,SYNTHETIC_PUBLIC_SAFE
OPCO_A,North Ops,OPEX_SGA,SG&A,OpEx,2026-03,Budget,111037.79,GBP,SYNTHETIC_PUBLIC_SAFE
OPCO_A,North Ops,OPEX_SGA,SG&A,OpEx,2026-03,Forecast,111101.11,GBP,SYNTHETIC_PUBLIC_SAFE
OPCO_A,North Ops,OPEX_SGA,SG&A,OpEx,2026-04,Actual,106578.69,GBP,SYNTHETIC_PUBLIC_SAFE
OPCO_A,North Ops,OPEX_SGA,SG&A,OpEx,2026-04,Budget,113133.76,GBP,SYNTHETIC_PUBLIC_SAFE
OPCO_A,North Ops,OPEX_SGA,SG&A,OpEx,2026-04,Forecast,113055.08,GBP,SYNTHETIC_PUBLIC_SAFE
OPCO_A,North Ops,OPEX_SGA,SG&A,OpEx,2026-05,Actual,110610.94,GBP,SYNTHETIC_PUBLIC_SAFE
OPCO_A,North Ops,OPEX_SGA,SG&A,OpEx,2026-05,Budget,117148.98,GBP,SYNTHETIC_PUBLIC_SAFE
OPCO_A,North Ops,OPEX_SGA,SG&A,OpEx,2026-05,Forecast,113572.54,GBP,SYNTHETIC_PUBLIC_SAFE
OPCO_A,North Ops,OPEX_SGA,SG&A,OpEx,2026-06,Actual,113911.2,GBP,SYNTHETIC_PUBLIC_SAFE
OPCO_A,North Ops,OPEX_SGA,SG&A,OpEx,2026-06,Budget,119359.39,GBP,SYNTHETIC_PUBLIC_SAFE
OPCO_A,North Ops,OPEX_SGA,SG&A,OpEx,2026-06,Forecast,120102.32,GBP,SYNTHETIC_PUBLIC_SAFE
OPCO_A,North Ops,OPEX_RD,R&D,OpEx,2025-01,Actual,55979.42,GBP,SYNTHETIC_PUBLIC_SAFE
OPCO_A,North Ops,OPEX_RD,R&D,OpEx,2025-01,Budget,56665.87,GBP,SYNTHETIC_PUBLIC_SAFE
OPCO_A,North Ops,OPEX_RD,R&D,OpEx,2025-01,Forecast,55156.08,GBP,SYNTHETIC_PUBLIC_SAFE
OPCO_A,North Ops,OPEX_RD,R&D,OpEx,2025-02,Actual,54377.27,GBP,SYNTHETIC_PUBLIC_SAFE
OPCO_A,North Ops,OPEX_RD,R&D,OpEx,2025-02,Budget,58048.65,GBP,SYNTHETIC_PUBLIC_SAFE
OPCO_A,North Ops,OPEX_RD,R&D,OpEx,2025-02,Forecast,56480.02,GBP,SYNTHETIC_PUBLIC_SAFE
OPCO_A,North Ops,OPEX_RD,R&D,OpEx,2025-03,Actual,56687.63,GBP,SYNTHETIC_PUBLIC_SAFE
OPCO_A,North Ops,OPEX_RD,R&D,OpEx,2025-03,Budget,57605.59,GBP,SYNTHETIC_PUBLIC_SAFE
OPCO_A,North Ops,OPEX_RD,R&D,OpEx,2025-03,Forecast,55628.22,GBP,SYNTHETIC_PUBLIC_SAFE
OPCO_A,North Ops,OPEX_RD,R&D,OpEx,2025-04,Actual,57424.31,GBP,SYNTHETIC_PUBLIC_SAFE
OPCO_A,North Ops,OPEX_RD,R&D,OpEx,2025-04,Budget,57054.21,GBP,SYNTHETIC_PUBLIC_SAFE
OPCO_A,North Ops,OPEX_RD,R&D,OpEx,2025-04,Forecast,58450.63,GBP,SYNTHETIC_PUBLIC_SAFE
OPCO_A,North Ops,OPEX_RD,R&D,OpEx,2025-05,Actual,54451.5,GBP,SYNTHETIC_PUBLIC_SAFE
OPCO_A,North Ops,OPEX_RD,R&D,OpEx,2025-05,Budget,59274.61,GBP,SYNTHETIC_PUBLIC_SAFE
OPCO_A,North Ops,OPEX_RD,R&D,OpEx,2025-05,Forecast,55430.49,GBP,SYNTHETIC_PUBLIC_SAFE
OPCO_A,North Ops,OPEX_RD,R&D,OpEx,2025-06,Actual,55062.88,GBP,SYNTHETIC_PUBLIC_SAFE
OPCO_A,North Ops,OPEX_RD,R&D,OpEx,2025-06,Budget,58234.19,GBP,SYNTHETIC_PUBLIC_SAFE
OPCO_A,North Ops,OPEX_RD,R&D,OpEx,2025-06,Forecast,57244.07,GBP,SYNTHETIC_PUBLIC_SAFE
OPCO_A,North Ops,OPEX_RD,R&D,OpEx,2025-07,Actual,55846.1,GBP,SYNTHETIC_PUBLIC_SAFE
OPCO_A,North Ops,OPEX_RD,R&D,OpEx,2025-07,Budget,56733.7,GBP,SYNTHETIC_PUBLIC_SAFE
OPCO_A,North Ops,OPEX_RD,R&D,OpEx,2025-07,Forecast,57608.05,GBP,SYNTHETIC_PUBLIC_SAFE
OPCO_A,North Ops,OPEX_RD,R&D,OpEx,2025-08,Actual,56324.37,GBP,SYNTHETIC_PUBLIC_SAFE
OPCO_A,North Ops,OPEX_RD,R&D,OpEx,2025-08,Budget,59049.42,GBP,SYNTHETIC_PUBLIC_SAFE
OPCO_A,North Ops,OPEX_RD,R&D,OpEx,2025-08,Forecast,58100.1,GBP,SYNTHETIC_PUBLIC_SAFE
OPCO_A,North Ops,OPEX_RD,R&D,OpEx,2025-09,Actual,58123.84,GBP,SYNTHETIC_PUBLIC_SAFE
OPCO_A,North Ops,OPEX_RD,R&D,OpEx,2025-09,Budget,59413.88,GBP,SYNTHETIC_PUBLIC_SAFE
OPCO_A,North Ops,OPEX_RD,R&D,OpEx,2025-09,Forecast,58849.19,GBP,SYNTHETIC_PUBLIC_SAFE
OPCO_A,North Ops,OPEX_RD,R&D,OpEx,2025-10,Actual,62752.33,GBP,SYNTHETIC_PUBLIC_SAFE
OPCO_A,North Ops,OPEX_RD,R&D,OpEx,2025-10,Budget,58265.87,GBP,SYNTHETIC_PUBLIC_SAFE
OPCO_A,North Ops,OPEX_RD,R&D,OpEx,2025-10,Forecast,61293.99,GBP,SYNTHETIC_PUBLIC_SAFE
OPCO_A,North Ops,OPEX_RD,R&D,OpEx,2025-11,Actual,57431.55,GBP,SYNTHETIC_PUBLIC_SAFE
OPCO_A,North Ops,OPEX_RD,R&D,OpEx,2025-11,Budget,59454.6,GBP,SYNTHETIC_PUBLIC_SAFE
OPCO_A,North Ops,OPEX_RD,R&D,OpEx,2025-11,Forecast,59045.12,GBP,SYNTHETIC_PUBLIC_SAFE
OPCO_A,North Ops,OPEX_RD,R&D,OpEx,2025-12,Actual,58330.78,GBP,SYNTHETIC_PUBLIC_SAFE
OPCO_A,North Ops,OPEX_RD,R&D,OpEx,2025-12,Budget,59526.66,GBP,SYNTHETIC_PUBLIC_SAFE
OPCO_A,North Ops,OPEX_RD,R&D,OpEx,2025-12,Forecast,59819.24,GBP,SYNTHETIC_PUBLIC_SAFE
OPCO_A,North Ops,OPEX_RD,R&D,OpEx,2026-01,Actual,52258.58,GBP,SYNTHETIC_PUBLIC_SAFE
OPCO_A,North Ops,OPEX_RD,R&D,OpEx,2026-01,Budget,55664.4,GBP,SYNTHETIC_PUBLIC_SAFE
OPCO_A,North Ops,OPEX_RD,R&D,OpEx,2026-01,Forecast,55575.33,GBP,SYNTHETIC_PUBLIC_SAFE
OPCO_A,North Ops,OPEX_RD,R&D,OpEx,2026-02,Actual,59801.72,GBP,SYNTHETIC_PUBLIC_SAFE
OPCO_A,North Ops,OPEX_RD,R&D,OpEx,2026-02,Budget,54576.11,GBP,SYNTHETIC_PUBLIC_SAFE
OPCO_A,North Ops,OPEX_RD,R&D,OpEx,2026-02,Forecast,56204.65,GBP,SYNTHETIC_PUBLIC_SAFE
OPCO_A,North Ops,OPEX_RD,R&D,OpEx,2026-03,Actual,54523.75,GBP,SYNTHETIC_PUBLIC_SAFE
OPCO_A,North Ops,OPEX_RD,R&D,OpEx,2026-03,Budget,58329.31,GBP,SYNTHETIC_PUBLIC_SAFE
OPCO_A,North Ops,OPEX_RD,R&D,OpEx,2026-03,Forecast,57715.98,GBP,SYNTHETIC_PUBLIC_SAFE
OPCO_A,North Ops,OPEX_RD,R&D,OpEx,2026-04,Actual,59746.1,GBP,SYNTHETIC_PUBLIC_SAFE
OPCO_A,North Ops,OPEX_RD,R&D,OpEx,2026-04,Budget,56529.72,GBP,SYNTHETIC_PUBLIC_SAFE
OPCO_A,North Ops,OPEX_RD,R&D,OpEx,2026-04,Forecast,56944.04,GBP,SYNTHETIC_PUBLIC_SAFE
OPCO_A,North Ops,OPEX_RD,R&D,OpEx,2026-05,Actual,59810.6,GBP,SYNTHETIC_PUBLIC_SAFE
OPCO_A,North Ops,OPEX_RD,R&D,OpEx,2026-05,Budget,58255.43,GBP,SYNTHETIC_PUBLIC_SAFE
OPCO_A,North Ops,OPEX_RD,R&D,OpEx,2026-05,Forecast,59428.58,GBP,SYNTHETIC_PUBLIC_SAFE
OPCO_A,North Ops,OPEX_RD,R&D,OpEx,2026-06,Actual,61458.12,GBP,SYNTHETIC_PUBLIC_SAFE
OPCO_A,North Ops,OPEX_RD,R&D,OpEx,2026-06,Budget,58469.37,GBP,SYNTHETIC_PUBLIC_SAFE
OPCO_A,North Ops,OPEX_RD,R&D,OpEx,2026-06,Forecast,58192.98,GBP,SYNTHETIC_PUBLIC_SAFE
OPCO_B,Central Ops,REV_PROD,Product revenue,Revenue,2025-01,Actual,318848.92,GBP,SYNTHETIC_PUBLIC_SAFE
OPCO_B,Central Ops,REV_PROD,Product revenue,Revenue,2025-01,Budget,302689.25,GBP,SYNTHETIC_PUBLIC_SAFE
OPCO_B,Central Ops,REV_PROD,Product revenue,Revenue,2025-01,Forecast,313815.65,GBP,SYNTHETIC_PUBLIC_SAFE
OPCO_B,Central Ops,REV_PROD,Product revenue,Revenue,2025-02,Actual,326362.95,GBP,SYNTHETIC_PUBLIC_SAFE
OPCO_B,Central Ops,REV_PROD,Product revenue,Revenue,2025-02,Budget,301370.64,GBP,SYNTHETIC_PUBLIC_SAFE
OPCO_B,Central Ops,REV_PROD,Product revenue,Revenue,2025-02,Forecast,306624.54,GBP,SYNTHETIC_PUBLIC_SAFE
OPCO_B,Central Ops,REV_PROD,Product revenue,Revenue,2025-03,Actual,292988.02,GBP,SYNTHETIC_PUBLIC_SAFE
OPCO_B,Central Ops,REV_PROD,Product revenue,Revenue,2025-03,Budget,312543.55,GBP,SYNTHETIC_PUBLIC_SAFE
OPCO_B,Central Ops,REV_PROD,Product revenue,Revenue,2025-03,Forecast,298630.27,GBP,SYNTHETIC_PUBLIC_SAFE
OPCO_B,Central Ops,REV_PROD,Product revenue,Revenue,2025-04,Actual,316622.7,GBP,SYNTHETIC_PUBLIC_SAFE
OPCO_B,Central Ops,REV_PROD,Product revenue,Revenue,2025-04,Budget,318339.7,GBP,SYNTHETIC_PUBLIC_SAFE
OPCO_B,Central Ops,REV_PROD,Product revenue,Revenue,2025-04,Forecast,311835.06,GBP,SYNTHETIC_PUBLIC_SAFE
OPCO_B,Central Ops,REV_PROD,Product revenue,Revenue,2025-05,Actual,320157.49,GBP,SYNTHETIC_PUBLIC_SAFE
OPCO_B,Central Ops,REV_PROD,Product revenue,Revenue,2025-05,Budget,310723.72,GBP,SYNTHETIC_PUBLIC_SAFE
OPCO_B,Central Ops,REV_PROD,Product revenue,Revenue,2025-05,Forecast,315223.55,GBP,SYNTHETIC_PUBLIC_SAFE
OPCO_B,Central Ops,REV_PROD,Product revenue,Revenue,2025-06,Actual,334314.66,GBP,SYNTHETIC_PUBLIC_SAFE
OPCO_B,Central Ops,REV_PROD,Product revenue,Revenue,2025-06,Budget,325690.04,GBP,SYNTHETIC_PUBLIC_SAFE
OPCO_B,Central Ops,REV_PROD,Product revenue,Revenue,2025-06,Forecast,321929.8,GBP,SYNTHETIC_PUBLIC_SAFE
OPCO_B,Central Ops,REV_PROD,Product revenue,Revenue,2025-07,Actual,315374.91,GBP,SYNTHETIC_PUBLIC_SAFE
OPCO_B,Central Ops,REV_PROD,Product revenue,Revenue,2025-07,Budget,315396.06,GBP,SYNTHETIC_PUBLIC_SAFE
OPCO_B,Central Ops,REV_PROD,Product revenue,Revenue,2025-07,Forecast,305991.02,GBP,SYNTHETIC_PUBLIC_SAFE
OPCO_B,Central Ops,REV_PROD,Product revenue,Revenue,2025-08,Actual,333035.3,GBP,SYNTHETIC_PUBLIC_SAFE
OPCO_B,Central Ops,REV_PROD,Product revenue,Revenue,2025-08,Budget,325612.01,GBP,SYNTHETIC_PUBLIC_SAFE
OPCO_B,Central Ops,REV_PROD,Product revenue,Revenue,2025-08,Forecast,324620.03,GBP,SYNTHETIC_PUBLIC_SAFE
OPCO_B,Central Ops,REV_PROD,Product revenue,Revenue,2025-09,Actual,334001.07,GBP,SYNTHETIC_PUBLIC_SAFE
OPCO_B,Central Ops,REV_PROD,Product revenue,Revenue,2025-09,Budget,325951.71,GBP,SYNTHETIC_PUBLIC_SAFE
OPCO_B,Central Ops,REV_PROD,Product revenue,Revenue,2025-09,Forecast,328544.69,GBP,SYNTHETIC_PUBLIC_SAFE
OPCO_B,Central Ops,REV_PROD,Product revenue,Revenue,2025-10,Actual,303298.02,GBP,SYNTHETIC_PUBLIC_SAFE
OPCO_B,Central Ops,REV_PROD,Product revenue,Revenue,2025-10,Budget,317446.6,GBP,SYNTHETIC_PUBLIC_SAFE
OPCO_B,Central Ops,REV_PROD,Product revenue,Revenue,2025-10,Forecast,317506.65,GBP,SYNTHETIC_PUBLIC_SAFE
OPCO_B,Central Ops,REV_PROD,Product revenue,Revenue,2025-11,Actual,345981.06,GBP,SYNTHETIC_PUBLIC_SAFE
OPCO_B,Central Ops,REV_PROD,Product revenue,Revenue,2025-11,Budget,330293.86,GBP,SYNTHETIC_PUBLIC_SAFE
OPCO_B,Central Ops,REV_PROD,Product revenue,Revenue,2025-11,Forecast,344925.81,GBP,SYNTHETIC_PUBLIC_SAFE
OPCO_B,Central Ops,REV_PROD,Product revenue,Revenue,2025-12,Actual,333630.5,GBP,SYNTHETIC_PUBLIC_SAFE
OPCO_B,Central Ops,REV_PROD,Product revenue,Revenue,2025-12,Budget,323445.8,GBP,SYNTHETIC_PUBLIC_SAFE
OPCO_B,Central Ops,REV_PROD,Product revenue,Revenue,2025-12,Forecast,321194.25,GBP,SYNTHETIC_PUBLIC_SAFE
OPCO_B,Central Ops,REV_PROD,Product revenue,Revenue,2026-01,Actual,297306.43,GBP,SYNTHETIC_PUBLIC_SAFE
OPCO_B,Central Ops,REV_PROD,Product revenue,Revenue,2026-01,Budget,315381.64,GBP,SYNTHETIC_PUBLIC_SAFE
OPCO_B,Central Ops,REV_PROD,Product revenue,Revenue,2026-01,Forecast,311786.95,GBP,SYNTHETIC_PUBLIC_SAFE
OPCO_B,Central Ops,REV_PROD,Product revenue,Revenue,2026-02,Actual,323027.03,GBP,SYNTHETIC_PUBLIC_SAFE
OPCO_B,Central Ops,REV_PROD,Product revenue,Revenue,2026-02,Budget,317674.11,GBP,SYNTHETIC_PUBLIC_SAFE
OPCO_B,Central Ops,REV_PROD,Product revenue,Revenue,2026-02,Forecast,314777.94,GBP,SYNTHETIC_PUBLIC_SAFE
OPCO_B,Central Ops,REV_PROD,Product revenue,Revenue,2026-03,Actual,299108.38,GBP,SYNTHETIC_PUBLIC_SAFE
OPCO_B,Central Ops,REV_PROD,Product revenue,Revenue,2026-03,Budget,302870.16,GBP,SYNTHETIC_PUBLIC_SAFE
OPCO_B,Central Ops,REV_PROD,Product revenue,Revenue,2026-03,Forecast,306047.99,GBP,SYNTHETIC_PUBLIC_SAFE
OPCO_B,Central Ops,REV_PROD,Product revenue,Revenue,2026-04,Actual,328705.35,GBP,SYNTHETIC_PUBLIC_SAFE
OPCO_B,Central Ops,REV_PROD,Product revenue,Revenue,2026-04,Budget,311607.74,GBP,SYNTHETIC_PUBLIC_SAFE
OPCO_B,Central Ops,REV_PROD,Product revenue,Revenue,2026-04,Forecast,322474.38,GBP,SYNTHETIC_PUBLIC_SAFE
OPCO_B,Central Ops,REV_PROD,Product revenue,Revenue,2026-05,Actual,299258.78,GBP,SYNTHETIC_PUBLIC_SAFE
OPCO_B,Central Ops,REV_PROD,Product revenue,Revenue,2026-05,Budget,325229.49,GBP,SYNTHETIC_PUBLIC_SAFE
OPCO_B,Central Ops,REV_PROD,Product revenue,Revenue,2026-05,Forecast,319074.89,GBP,SYNTHETIC_PUBLIC_SAFE
OPCO_B,Central Ops,REV_PROD,Product revenue,Revenue,2026-06,Actual,337424.1,GBP,SYNTHETIC_PUBLIC_SAFE
OPCO_B,Central Ops,REV_PROD,Product revenue,Revenue,2026-06,Budget,324914.94,GBP,SYNTHETIC_PUBLIC_SAFE
OPCO_B,Central Ops,REV_PROD,Product revenue,Revenue,2026-06,Forecast,338748.33,GBP,SYNTHETIC_PUBLIC_SAFE
OPCO_B,Central Ops,REV_SERV,Service revenue,Revenue,2025-01,Actual,122273.72,GBP,SYNTHETIC_PUBLIC_SAFE
OPCO_B,Central Ops,REV_SERV,Service revenue,Revenue,2025-01,Budget,133690.11,GBP,SYNTHETIC_PUBLIC_SAFE
OPCO_B,Central Ops,REV_SERV,Service revenue,Revenue,2025-01,Forecast,126693.28,GBP,SYNTHETIC_PUBLIC_SAFE
OPCO_B,Central Ops,REV_SERV,Service revenue,Revenue,2025-02,Actual,139721.54,GBP,SYNTHETIC_PUBLIC_SAFE
OPCO_B,Central Ops,REV_SERV,Service revenue,Revenue,2025-02,Budget,135262.5,GBP,SYNTHETIC_PUBLIC_SAFE
OPCO_B,Central Ops,REV_SERV,Service revenue,Revenue,2025-02,Forecast,140495.37,GBP,SYNTHETIC_PUBLIC_SAFE
OPCO_B,Central Ops,REV_SERV,Service revenue,Revenue,2025-03,Actual,138520.19,GBP,SYNTHETIC_PUBLIC_SAFE
OPCO_B,Central Ops,REV_SERV,Service revenue,Revenue,2025-03,Budget,131311.06,GBP,SYNTHETIC_PUBLIC_SAFE
OPCO_B,Central Ops,REV_SERV,Service revenue,Revenue,2025-03,Forecast,137241.9,GBP,SYNTHETIC_PUBLIC_SAFE
OPCO_B,Central Ops,REV_SERV,Service revenue,Revenue,2025-04,Actual,126486.06,GBP,SYNTHETIC_PUBLIC_SAFE
OPCO_B,Central Ops,REV_SERV,Service revenue,Revenue,2025-04,Budget,137864.01,GBP,SYNTHETIC_PUBLIC_SAFE
OPCO_B,Central Ops,REV_SERV,Service revenue,Revenue,2025-04,Forecast,135018.86,GBP,SYNTHETIC_PUBLIC_SAFE
OPCO_B,Central Ops,REV_SERV,Service revenue,Revenue,2025-05,Actual,129521.21,GBP,SYNTHETIC_PUBLIC_SAFE
OPCO_B,Central Ops,REV_SERV,Service revenue,Revenue,2025-05,Budget,138326.36,GBP,SYNTHETIC_PUBLIC_SAFE
OPCO_B,Central Ops,REV_SERV,Service revenue,Revenue,2025-05,Forecast,133604.8,GBP,SYNTHETIC_PUBLIC_SAFE
OPCO_B,Central Ops,REV_SERV,Service revenue,Revenue,2025-06,Actual,131992.71,GBP,SYNTHETIC_PUBLIC_SAFE
OPCO_B,Central Ops,REV_SERV,Service revenue,Revenue,2025-06,Budget,139104.22,GBP,SYNTHETIC_PUBLIC_SAFE
OPCO_B,Central Ops,REV_SERV,Service revenue,Revenue,2025-06,Forecast,133333.02,GBP,SYNTHETIC_PUBLIC_SAFE
OPCO_B,Central Ops,REV_SERV,Service revenue,Revenue,2025-07,Actual,127588.06,GBP,SYNTHETIC_PUBLIC_SAFE
OPCO_B,Central Ops,REV_SERV,Service revenue,Revenue,2025-07,Budget,134378.69,GBP,SYNTHETIC_PUBLIC_SAFE
OPCO_B,Central Ops,REV_SERV,Service revenue,Revenue,2025-07,Forecast,129633.69,GBP,SYNTHETIC_PUBLIC_SAFE
OPCO_B,Central Ops,REV_SERV,Service revenue,Revenue,2025-08,Actual,144507.17,GBP,SYNTHETIC_PUBLIC_SAFE
OPCO_B,Central Ops,REV_SERV,Service revenue,Revenue,2025-08,Budget,142692.03,GBP,SYNTHETIC_PUBLIC_SAFE
OPCO_B,Central Ops,REV_SERV,Service revenue,Revenue,2025-08,Forecast,141696.55,GBP,SYNTHETIC_PUBLIC_SAFE
OPCO_B,Central Ops,REV_SERV,Service revenue,Revenue,2025-09,Actual,141228.17,GBP,SYNTHETIC_PUBLIC_SAFE
OPCO_B,Central Ops,REV_SERV,Service revenue,Revenue,2025-09,Budget,138234.4,GBP,SYNTHETIC_PUBLIC_SAFE
OPCO_B,Central Ops,REV_SERV,Service revenue,Revenue,2025-09,Forecast,143765.18,GBP,SYNTHETIC_PUBLIC_SAFE
OPCO_B,Central Ops,REV_SERV,Service revenue,Revenue,2025-10,Actual,140163.85,GBP,SYNTHETIC_PUBLIC_SAFE
OPCO_B,Central Ops,REV_SERV,Service revenue,Revenue,2025-10,Budget,144399.73,GBP,SYNTHETIC_PUBLIC_SAFE
OPCO_B,Central Ops,REV_SERV,Service revenue,Revenue,2025-10,Forecast,138998.0,GBP,SYNTHETIC_PUBLIC_SAFE
OPCO_B,Central Ops,REV_SERV,Service revenue,Revenue,2025-11,Actual,149571.38,GBP,SYNTHETIC_PUBLIC_SAFE
OPCO_B,Central Ops,REV_SERV,Service revenue,Revenue,2025-11,Budget,137982.73,GBP,SYNTHETIC_PUBLIC_SAFE
OPCO_B,Central Ops,REV_SERV,Service revenue,Revenue,2025-11,Forecast,147767.16,GBP,SYNTHETIC_PUBLIC_SAFE
OPCO_B,Central Ops,REV_SERV,Service revenue,Revenue,2025-12,Actual,136771.87,GBP,SYNTHETIC_PUBLIC_SAFE
OPCO_B,Central Ops,REV_SERV,Service revenue,Revenue,2025-12,Budget,138230.74,GBP,SYNTHETIC_PUBLIC_SAFE
OPCO_B,Central Ops,REV_SERV,Service revenue,Revenue,2025-12,Forecast,136961.45,GBP,SYNTHETIC_PUBLIC_SAFE
OPCO_B,Central Ops,REV_SERV,Service revenue,Revenue,2026-01,Actual,135042.72,GBP,SYNTHETIC_PUBLIC_SAFE
OPCO_B,Central Ops,REV_SERV,Service revenue,Revenue,2026-01,Budget,129853.68,GBP,SYNTHETIC_PUBLIC_SAFE
OPCO_B,Central Ops,REV_SERV,Service revenue,Revenue,2026-01,Forecast,133292.23,GBP,SYNTHETIC_PUBLIC_SAFE
OPCO_B,Central Ops,REV_SERV,Service revenue,Revenue,2026-02,Actual,132056.74,GBP,SYNTHETIC_PUBLIC_SAFE
OPCO_B,Central Ops,REV_SERV,Service revenue,Revenue,2026-02,Budget,131451.6,GBP,SYNTHETIC_PUBLIC_SAFE
OPCO_B,Central Ops,REV_SERV,Service revenue,Revenue,2026-02,Forecast,132359.62,GBP,SYNTHETIC_PUBLIC_SAFE
OPCO_B,Central Ops,REV_SERV,Service revenue,Revenue,2026-03,Actual,128284.9,GBP,SYNTHETIC_PUBLIC_SAFE
OPCO_B,Central Ops,REV_SERV,Service revenue,Revenue,2026-03,Budget,135379.02,GBP,SYNTHETIC_PUBLIC_SAFE
OPCO_B,Central Ops,REV_SERV,Service revenue,Revenue,2026-03,Forecast,127890.38,GBP,SYNTHETIC_PUBLIC_SAFE
OPCO_B,Central Ops,REV_SERV,Service revenue,Revenue,2026-04,Actual,141642.02,GBP,SYNTHETIC_PUBLIC_SAFE
OPCO_B,Central Ops,REV_SERV,Service revenue,Revenue,2026-04,Budget,134770.5,GBP,SYNTHETIC_PUBLIC_SAFE
OPCO_B,Central Ops,REV_SERV,Service revenue,Revenue,2026-04,Forecast,140025.86,GBP,SYNTHETIC_PUBLIC_SAFE
OPCO_B,Central Ops,REV_SERV,Service revenue,Revenue,2026-05,Actual,139221.53,GBP,SYNTHETIC_PUBLIC_SAFE
OPCO_B,Central Ops,REV_SERV,Service revenue,Revenue,2026-05,Budget,136963.71,GBP,SYNTHETIC_PUBLIC_SAFE
OPCO_B,Central Ops,REV_SERV,Service revenue,Revenue,2026-05,Forecast,136967.62,GBP,SYNTHETIC_PUBLIC_SAFE
OPCO_B,Central Ops,REV_SERV,Service revenue,Revenue,2026-06,Actual,127569.74,GBP,SYNTHETIC_PUBLIC_SAFE
OPCO_B,Central Ops,REV_SERV,Service revenue,Revenue,2026-06,Budget,137871.56,GBP,SYNTHETIC_PUBLIC_SAFE
OPCO_B,Central Ops,REV_SERV,Service revenue,Revenue,2026-06,Forecast,131368.49,GBP,SYNTHETIC_PUBLIC_SAFE
OPCO_B,Central Ops,COGS,Cost of sales,COGS,2025-01,Actual,184195.1,GBP,SYNTHETIC_PUBLIC_SAFE
OPCO_B,Central Ops,COGS,Cost of sales,COGS,2025-01,Budget,194568.39,GBP,SYNTHETIC_PUBLIC_SAFE
OPCO_B,Central Ops,COGS,Cost of sales,COGS,2025-01,Forecast,191878.79,GBP,SYNTHETIC_PUBLIC_SAFE
OPCO_B,Central Ops,COGS,Cost of sales,COGS,2025-02,Actual,185175.86,GBP,SYNTHETIC_PUBLIC_SAFE
OPCO_B,Central Ops,COGS,Cost of sales,COGS,2025-02,Budget,188872.57,GBP,SYNTHETIC_PUBLIC_SAFE
OPCO_B,Central Ops,COGS,Cost of sales,COGS,2025-02,Forecast,185996.25,GBP,SYNTHETIC_PUBLIC_SAFE
OPCO_B,Central Ops,COGS,Cost of sales,COGS,2025-03,Actual,189227.04,GBP,SYNTHETIC_PUBLIC_SAFE
OPCO_B,Central Ops,COGS,Cost of sales,COGS,2025-03,Budget,190055.07,GBP,SYNTHETIC_PUBLIC_SAFE
OPCO_B,Central Ops,COGS,Cost of sales,COGS,2025-03,Forecast,185400.16,GBP,SYNTHETIC_PUBLIC_SAFE
OPCO_B,Central Ops,COGS,Cost of sales,COGS,2025-04,Actual,191066.78,GBP,SYNTHETIC_PUBLIC_SAFE
OPCO_B,Central Ops,COGS,Cost of sales,COGS,2025-04,Budget,200050.06,GBP,SYNTHETIC_PUBLIC_SAFE
OPCO_B,Central Ops,COGS,Cost of sales,COGS,2025-04,Forecast,197638.98,GBP,SYNTHETIC_PUBLIC_SAFE
OPCO_B,Central Ops,COGS,Cost of sales,COGS,2025-05,Actual,205436.11,GBP,SYNTHETIC_PUBLIC_SAFE
OPCO_B,Central Ops,COGS,Cost of sales,COGS,2025-05,Budget,197093.25,GBP,SYNTHETIC_PUBLIC_SAFE
OPCO_B,Central Ops,COGS,Cost of sales,COGS,2025-05,Forecast,198860.97,GBP,SYNTHETIC_PUBLIC_SAFE
OPCO_B,Central Ops,COGS,Cost of sales,COGS,2025-06,Actual,197249.37,GBP,SYNTHETIC_PUBLIC_SAFE
OPCO_B,Central Ops,COGS,Cost of sales,COGS,2025-06,Budget,190132.64,GBP,SYNTHETIC_PUBLIC_SAFE
OPCO_B,Central Ops,COGS,Cost of sales,COGS,2025-06,Forecast,191214.63,GBP,SYNTHETIC_PUBLIC_SAFE
OPCO_B,Central Ops,COGS,Cost of sales,COGS,2025-07,Actual,195404.74,GBP,SYNTHETIC_PUBLIC_SAFE
OPCO_B,Central Ops,COGS,Cost of sales,COGS,2025-07,Budget,199393.11,GBP,SYNTHETIC_PUBLIC_SAFE
OPCO_B,Central Ops,COGS,Cost of sales,COGS,2025-07,Forecast,199231.25,GBP,SYNTHETIC_PUBLIC_SAFE
OPCO_B,Central Ops,COGS,Cost of sales,COGS,2025-08,Actual,197733.18,GBP,SYNTHETIC_PUBLIC_SAFE
OPCO_B,Central Ops,COGS,Cost of sales,COGS,2025-08,Budget,198884.61,GBP,SYNTHETIC_PUBLIC_SAFE
OPCO_B,Central Ops,COGS,Cost of sales,COGS,2025-08,Forecast,194902.36,GBP,SYNTHETIC_PUBLIC_SAFE
OPCO_B,Central Ops,COGS,Cost of sales,COGS,2025-09,Actual,199328.93,GBP,SYNTHETIC_PUBLIC_SAFE
OPCO_B,Central Ops,COGS,Cost of sales,COGS,2025-09,Budget,206625.95,GBP,SYNTHETIC_PUBLIC_SAFE
OPCO_B,Central Ops,COGS,Cost of sales,COGS,2025-09,Forecast,206582.62,GBP,SYNTHETIC_PUBLIC_SAFE
OPCO_B,Central Ops,COGS,Cost of sales,COGS,2025-10,Actual,192224.27,GBP,SYNTHETIC_PUBLIC_SAFE
OPCO_B,Central Ops,COGS,Cost of sales,COGS,2025-10,Budget,196647.92,GBP,SYNTHETIC_PUBLIC_SAFE
OPCO_B,Central Ops,COGS,Cost of sales,COGS,2025-10,Forecast,194616.36,GBP,SYNTHETIC_PUBLIC_SAFE
OPCO_B,Central Ops,COGS,Cost of sales,COGS,2025-11,Actual,206560.19,GBP,SYNTHETIC_PUBLIC_SAFE
OPCO_B,Central Ops,COGS,Cost of sales,COGS,2025-11,Budget,201510.0,GBP,SYNTHETIC_PUBLIC_SAFE
OPCO_B,Central Ops,COGS,Cost of sales,COGS,2025-11,Forecast,207933.27,GBP,SYNTHETIC_PUBLIC_SAFE
OPCO_B,Central Ops,COGS,Cost of sales,COGS,2025-12,Actual,211306.13,GBP,SYNTHETIC_PUBLIC_SAFE
OPCO_B,Central Ops,COGS,Cost of sales,COGS,2025-12,Budget,207654.1,GBP,SYNTHETIC_PUBLIC_SAFE
OPCO_B,Central Ops,COGS,Cost of sales,COGS,2025-12,Forecast,206019.18,GBP,SYNTHETIC_PUBLIC_SAFE
OPCO_B,Central Ops,COGS,Cost of sales,COGS,2026-01,Actual,181186.8,GBP,SYNTHETIC_PUBLIC_SAFE
OPCO_B,Central Ops,COGS,Cost of sales,COGS,2026-01,Budget,183776.07,GBP,SYNTHETIC_PUBLIC_SAFE
OPCO_B,Central Ops,COGS,Cost of sales,COGS,2026-01,Forecast,179687.75,GBP,SYNTHETIC_PUBLIC_SAFE
OPCO_B,Central Ops,COGS,Cost of sales,COGS,2026-02,Actual,189790.7,GBP,SYNTHETIC_PUBLIC_SAFE
OPCO_B,Central Ops,COGS,Cost of sales,COGS,2026-02,Budget,196006.17,GBP,SYNTHETIC_PUBLIC_SAFE
OPCO_B,Central Ops,COGS,Cost of sales,COGS,2026-02,Forecast,187954.39,GBP,SYNTHETIC_PUBLIC_SAFE
OPCO_B,Central Ops,COGS,Cost of sales,COGS,2026-03,Actual,189547.19,GBP,SYNTHETIC_PUBLIC_SAFE
OPCO_B,Central Ops,COGS,Cost of sales,COGS,2026-03,Budget,194496.93,GBP,SYNTHETIC_PUBLIC_SAFE
OPCO_B,Central Ops,COGS,Cost of sales,COGS,2026-03,Forecast,188501.55,GBP,SYNTHETIC_PUBLIC_SAFE
OPCO_B,Central Ops,COGS,Cost of sales,COGS,2026-04,Actual,198455.54,GBP,SYNTHETIC_PUBLIC_SAFE
OPCO_B,Central Ops,COGS,Cost of sales,COGS,2026-04,Budget,194078.34,GBP,SYNTHETIC_PUBLIC_SAFE
OPCO_B,Central Ops,COGS,Cost of sales,COGS,2026-04,Forecast,193252.1,GBP,SYNTHETIC_PUBLIC_SAFE
OPCO_B,Central Ops,COGS,Cost of sales,COGS,2026-05,Actual,198781.23,GBP,SYNTHETIC_PUBLIC_SAFE
OPCO_B,Central Ops,COGS,Cost of sales,COGS,2026-05,Budget,188867.67,GBP,SYNTHETIC_PUBLIC_SAFE
OPCO_B,Central Ops,COGS,Cost of sales,COGS,2026-05,Forecast,196743.03,GBP,SYNTHETIC_PUBLIC_SAFE
OPCO_B,Central Ops,COGS,Cost of sales,COGS,2026-06,Actual,203282.07,GBP,SYNTHETIC_PUBLIC_SAFE
OPCO_B,Central Ops,COGS,Cost of sales,COGS,2026-06,Budget,191574.64,GBP,SYNTHETIC_PUBLIC_SAFE
OPCO_B,Central Ops,COGS,Cost of sales,COGS,2026-06,Forecast,196541.66,GBP,SYNTHETIC_PUBLIC_SAFE
OPCO_B,Central Ops,OPEX_SGA,SG&A,OpEx,2025-01,Actual,76398.23,GBP,SYNTHETIC_PUBLIC_SAFE
OPCO_B,Central Ops,OPEX_SGA,SG&A,OpEx,2025-01,Budget,82926.96,GBP,SYNTHETIC_PUBLIC_SAFE
OPCO_B,Central Ops,OPEX_SGA,SG&A,OpEx,2025-01,Forecast,79748.43,GBP,SYNTHETIC_PUBLIC_SAFE
OPCO_B,Central Ops,OPEX_SGA,SG&A,OpEx,2025-02,Actual,75550.31,GBP,SYNTHETIC_PUBLIC_SAFE
OPCO_B,Central Ops,OPEX_SGA,SG&A,OpEx,2025-02,Budget,79572.08,GBP,SYNTHETIC_PUBLIC_SAFE
OPCO_B,Central Ops,OPEX_SGA,SG&A,OpEx,2025-02,Forecast,79182.24,GBP,SYNTHETIC_PUBLIC_SAFE
OPCO_B,Central Ops,OPEX_SGA,SG&A,OpEx,2025-03,Actual,80665.75,GBP,SYNTHETIC_PUBLIC_SAFE
OPCO_B,Central Ops,OPEX_SGA,SG&A,OpEx,2025-03,Budget,83252.64,GBP,SYNTHETIC_PUBLIC_SAFE
OPCO_B,Central Ops,OPEX_SGA,SG&A,OpEx,2025-03,Forecast,82783.27,GBP,SYNTHETIC_PUBLIC_SAFE
OPCO_B,Central Ops,OPEX_SGA,SG&A,OpEx,2025-04,Actual,87265.06,GBP,SYNTHETIC_PUBLIC_SAFE
OPCO_B,Central Ops,OPEX_SGA,SG&A,OpEx,2025-04,Budget,82682.65,GBP,SYNTHETIC_PUBLIC_SAFE
OPCO_B,Central Ops,OPEX_SGA,SG&A,OpEx,2025-04,Forecast,87268.35,GBP,SYNTHETIC_PUBLIC_SAFE
OPCO_B,Central Ops,OPEX_SGA,SG&A,OpEx,2025-05,Actual,86785.43,GBP,SYNTHETIC_PUBLIC_SAFE
OPCO_B,Central Ops,OPEX_SGA,SG&A,OpEx,2025-05,Budget,83369.27,GBP,SYNTHETIC_PUBLIC_SAFE
OPCO_B,Central Ops,OPEX_SGA,SG&A,OpEx,2025-05,Forecast,86196.66,GBP,SYNTHETIC_PUBLIC_SAFE
OPCO_B,Central Ops,OPEX_SGA,SG&A,OpEx,2025-06,Actual,82955.71,GBP,SYNTHETIC_PUBLIC_SAFE
OPCO_B,Central Ops,OPEX_SGA,SG&A,OpEx,2025-06,Budget,85210.52,GBP,SYNTHETIC_PUBLIC_SAFE
OPCO_B,Central Ops,OPEX_SGA,SG&A,OpEx,2025-06,Forecast,84324.63,GBP,SYNTHETIC_PUBLIC_SAFE
OPCO_B,Central Ops,OPEX_SGA,SG&A,OpEx,2025-07,Actual,88078.99,GBP,SYNTHETIC_PUBLIC_SAFE
OPCO_B,Central Ops,OPEX_SGA,SG&A,OpEx,2025-07,Budget,85305.61,GBP,SYNTHETIC_PUBLIC_SAFE
OPCO_B,Central Ops,OPEX_SGA,SG&A,OpEx,2025-07,Forecast,86560.57,GBP,SYNTHETIC_PUBLIC_SAFE
OPCO_B,Central Ops,OPEX_SGA,SG&A,OpEx,2025-08,Actual,81258.3,GBP,SYNTHETIC_PUBLIC_SAFE
OPCO_B,Central Ops,OPEX_SGA,SG&A,OpEx,2025-08,Budget,83007.84,GBP,SYNTHETIC_PUBLIC_SAFE
OPCO_B,Central Ops,OPEX_SGA,SG&A,OpEx,2025-08,Forecast,82811.46,GBP,SYNTHETIC_PUBLIC_SAFE
OPCO_B,Central Ops,OPEX_SGA,SG&A,OpEx,2025-09,Actual,87764.9,GBP,SYNTHETIC_PUBLIC_SAFE
OPCO_B,Central Ops,OPEX_SGA,SG&A,OpEx,2025-09,Budget,85190.08,GBP,SYNTHETIC_PUBLIC_SAFE
OPCO_B,Central Ops,OPEX_SGA,SG&A,OpEx,2025-09,Forecast,87135.14,GBP,SYNTHETIC_PUBLIC_SAFE
OPCO_B,Central Ops,OPEX_SGA,SG&A,OpEx,2025-10,Actual,82564.99,GBP,SYNTHETIC_PUBLIC_SAFE
OPCO_B,Central Ops,OPEX_SGA,SG&A,OpEx,2025-10,Budget,83154.0,GBP,SYNTHETIC_PUBLIC_SAFE
OPCO_B,Central Ops,OPEX_SGA,SG&A,OpEx,2025-10,Forecast,81794.23,GBP,SYNTHETIC_PUBLIC_SAFE
OPCO_B,Central Ops,OPEX_SGA,SG&A,OpEx,2025-11,Actual,83094.29,GBP,SYNTHETIC_PUBLIC_SAFE
OPCO_B,Central Ops,OPEX_SGA,SG&A,OpEx,2025-11,Budget,85162.18,GBP,SYNTHETIC_PUBLIC_SAFE
OPCO_B,Central Ops,OPEX_SGA,SG&A,OpEx,2025-11,Forecast,84330.91,GBP,SYNTHETIC_PUBLIC_SAFE
OPCO_B,Central Ops,OPEX_SGA,SG&A,OpEx,2025-12,Actual,82060.87,GBP,SYNTHETIC_PUBLIC_SAFE
OPCO_B,Central Ops,OPEX_SGA,SG&A,OpEx,2025-12,Budget,85209.96,GBP,SYNTHETIC_PUBLIC_SAFE
OPCO_B,Central Ops,OPEX_SGA,SG&A,OpEx,2025-12,Forecast,84608.68,GBP,SYNTHETIC_PUBLIC_SAFE
OPCO_B,Central Ops,OPEX_SGA,SG&A,OpEx,2026-01,Actual,82280.78,GBP,SYNTHETIC_PUBLIC_SAFE
OPCO_B,Central Ops,OPEX_SGA,SG&A,OpEx,2026-01,Budget,77972.08,GBP,SYNTHETIC_PUBLIC_SAFE
OPCO_B,Central Ops,OPEX_SGA,SG&A,OpEx,2026-01,Forecast,79682.21,GBP,SYNTHETIC_PUBLIC_SAFE
OPCO_B,Central Ops,OPEX_SGA,SG&A,OpEx,2026-02,Actual,81049.67,GBP,SYNTHETIC_PUBLIC_SAFE
OPCO_B,Central Ops,OPEX_SGA,SG&A,OpEx,2026-02,Budget,80502.3,GBP,SYNTHETIC_PUBLIC_SAFE
OPCO_B,Central Ops,OPEX_SGA,SG&A,OpEx,2026-02,Forecast,79355.14,GBP,SYNTHETIC_PUBLIC_SAFE
OPCO_B,Central Ops,OPEX_SGA,SG&A,OpEx,2026-03,Actual,80257.19,GBP,SYNTHETIC_PUBLIC_SAFE
OPCO_B,Central Ops,OPEX_SGA,SG&A,OpEx,2026-03,Budget,83834.35,GBP,SYNTHETIC_PUBLIC_SAFE
OPCO_B,Central Ops,OPEX_SGA,SG&A,OpEx,2026-03,Forecast,82459.67,GBP,SYNTHETIC_PUBLIC_SAFE
OPCO_B,Central Ops,OPEX_SGA,SG&A,OpEx,2026-04,Actual,83952.54,GBP,SYNTHETIC_PUBLIC_SAFE
OPCO_B,Central Ops,OPEX_SGA,SG&A,OpEx,2026-04,Budget,84162.79,GBP,SYNTHETIC_PUBLIC_SAFE
OPCO_B,Central Ops,OPEX_SGA,SG&A,OpEx,2026-04,Forecast,85397.18,GBP,SYNTHETIC_PUBLIC_SAFE
OPCO_B,Central Ops,OPEX_SGA,SG&A,OpEx,2026-05,Actual,80954.12,GBP,SYNTHETIC_PUBLIC_SAFE
OPCO_B,Central Ops,OPEX_SGA,SG&A,OpEx,2026-05,Budget,79907.56,GBP,SYNTHETIC_PUBLIC_SAFE
OPCO_B,Central Ops,OPEX_SGA,SG&A,OpEx,2026-05,Forecast,79715.45,GBP,SYNTHETIC_PUBLIC_SAFE
OPCO_B,Central Ops,OPEX_SGA,SG&A,OpEx,2026-06,Actual,85813.53,GBP,SYNTHETIC_PUBLIC_SAFE
OPCO_B,Central Ops,OPEX_SGA,SG&A,OpEx,2026-06,Budget,85341.97,GBP,SYNTHETIC_PUBLIC_SAFE
OPCO_B,Central Ops,OPEX_SGA,SG&A,OpEx,2026-06,Forecast,87905.96,GBP,SYNTHETIC_PUBLIC_SAFE
OPCO_B,Central Ops,OPEX_RD,R&D,OpEx,2025-01,Actual,39547.05,GBP,SYNTHETIC_PUBLIC_SAFE
OPCO_B,Central Ops,OPEX_RD,R&D,OpEx,2025-01,Budget,40880.11,GBP,SYNTHETIC_PUBLIC_SAFE
OPCO_B,Central Ops,OPEX_RD,R&D,OpEx,2025-01,Forecast,40324.89,GBP,SYNTHETIC_PUBLIC_SAFE
OPCO_B,Central Ops,OPEX_RD,R&D,OpEx,2025-02,Actual,40863.48,GBP,SYNTHETIC_PUBLIC_SAFE
OPCO_B,Central Ops,OPEX_RD,R&D,OpEx,2025-02,Budget,39706.02,GBP,SYNTHETIC_PUBLIC_SAFE
OPCO_B,Central Ops,OPEX_RD,R&D,OpEx,2025-02,Forecast,39606.57,GBP,SYNTHETIC_PUBLIC_SAFE
OPCO_B,Central Ops,OPEX_RD,R&D,OpEx,2025-03,Actual,40216.86,GBP,SYNTHETIC_PUBLIC_SAFE
OPCO_B,Central Ops,OPEX_RD,R&D,OpEx,2025-03,Budget,39454.11,GBP,SYNTHETIC_PUBLIC_SAFE
OPCO_B,Central Ops,OPEX_RD,R&D,OpEx,2025-03,Forecast,39443.81,GBP,SYNTHETIC_PUBLIC_SAFE
OPCO_B,Central Ops,OPEX_RD,R&D,OpEx,2025-04,Actual,41883.47,GBP,SYNTHETIC_PUBLIC_SAFE
OPCO_B,Central Ops,OPEX_RD,R&D,OpEx,2025-04,Budget,40799.94,GBP,SYNTHETIC_PUBLIC_SAFE
OPCO_B,Central Ops,OPEX_RD,R&D,OpEx,2025-04,Forecast,40510.85,GBP,SYNTHETIC_PUBLIC_SAFE
OPCO_B,Central Ops,OPEX_RD,R&D,OpEx,2025-05,Actual,40973.47,GBP,SYNTHETIC_PUBLIC_SAFE
OPCO_B,Central Ops,OPEX_RD,R&D,OpEx,2025-05,Budget,40301.04,GBP,SYNTHETIC_PUBLIC_SAFE
OPCO_B,Central Ops,OPEX_RD,R&D,OpEx,2025-05,Forecast,40935.35,GBP,SYNTHETIC_PUBLIC_SAFE
OPCO_B,Central Ops,OPEX_RD,R&D,OpEx,2025-06,Actual,38732.54,GBP,SYNTHETIC_PUBLIC_SAFE
OPCO_B,Central Ops,OPEX_RD,R&D,OpEx,2025-06,Budget,41351.14,GBP,SYNTHETIC_PUBLIC_SAFE
OPCO_B,Central Ops,OPEX_RD,R&D,OpEx,2025-06,Forecast,40196.54,GBP,SYNTHETIC_PUBLIC_SAFE
OPCO_B,Central Ops,OPEX_RD,R&D,OpEx,2025-07,Actual,39005.13,GBP,SYNTHETIC_PUBLIC_SAFE
OPCO_B,Central Ops,OPEX_RD,R&D,OpEx,2025-07,Budget,42360.89,GBP,SYNTHETIC_PUBLIC_SAFE
OPCO_B,Central Ops,OPEX_RD,R&D,OpEx,2025-07,Forecast,39793.76,GBP,SYNTHETIC_PUBLIC_SAFE
OPCO_B,Central Ops,OPEX_RD,R&D,OpEx,2025-08,Actual,41809.01,GBP,SYNTHETIC_PUBLIC_SAFE
OPCO_B,Central Ops,OPEX_RD,R&D,OpEx,2025-08,Budget,40930.17,GBP,SYNTHETIC_PUBLIC_SAFE
OPCO_B,Central Ops,OPEX_RD,R&D,OpEx,2025-08,Forecast,41069.5,GBP,SYNTHETIC_PUBLIC_SAFE
OPCO_B,Central Ops,OPEX_RD,R&D,OpEx,2025-09,Actual,40631.48,GBP,SYNTHETIC_PUBLIC_SAFE
OPCO_B,Central Ops,OPEX_RD,R&D,OpEx,2025-09,Budget,42024.65,GBP,SYNTHETIC_PUBLIC_SAFE
OPCO_B,Central Ops,OPEX_RD,R&D,OpEx,2025-09,Forecast,41975.83,GBP,SYNTHETIC_PUBLIC_SAFE
OPCO_B,Central Ops,OPEX_RD,R&D,OpEx,2025-10,Actual,41899.93,GBP,SYNTHETIC_PUBLIC_SAFE
OPCO_B,Central Ops,OPEX_RD,R&D,OpEx,2025-10,Budget,43569.18,GBP,SYNTHETIC_PUBLIC_SAFE
OPCO_B,Central Ops,OPEX_RD,R&D,OpEx,2025-10,Forecast,43585.63,GBP,SYNTHETIC_PUBLIC_SAFE
OPCO_B,Central Ops,OPEX_RD,R&D,OpEx,2025-11,Actual,41431.51,GBP,SYNTHETIC_PUBLIC_SAFE
OPCO_B,Central Ops,OPEX_RD,R&D,OpEx,2025-11,Budget,41873.96,GBP,SYNTHETIC_PUBLIC_SAFE
OPCO_B,Central Ops,OPEX_RD,R&D,OpEx,2025-11,Forecast,40451.59,GBP,SYNTHETIC_PUBLIC_SAFE
OPCO_B,Central Ops,OPEX_RD,R&D,OpEx,2025-12,Actual,43431.7,GBP,SYNTHETIC_PUBLIC_SAFE
OPCO_B,Central Ops,OPEX_RD,R&D,OpEx,2025-12,Budget,44906.12,GBP,SYNTHETIC_PUBLIC_SAFE
OPCO_B,Central Ops,OPEX_RD,R&D,OpEx,2025-12,Forecast,43771.28,GBP,SYNTHETIC_PUBLIC_SAFE
OPCO_B,Central Ops,OPEX_RD,R&D,OpEx,2026-01,Actual,40828.4,GBP,SYNTHETIC_PUBLIC_SAFE
OPCO_B,Central Ops,OPEX_RD,R&D,OpEx,2026-01,Budget,40973.58,GBP,SYNTHETIC_PUBLIC_SAFE
OPCO_B,Central Ops,OPEX_RD,R&D,OpEx,2026-01,Forecast,41273.4,GBP,SYNTHETIC_PUBLIC_SAFE
OPCO_B,Central Ops,OPEX_RD,R&D,OpEx,2026-02,Actual,41706.6,GBP,SYNTHETIC_PUBLIC_SAFE
OPCO_B,Central Ops,OPEX_RD,R&D,OpEx,2026-02,Budget,41741.71,GBP,SYNTHETIC_PUBLIC_SAFE
OPCO_B,Central Ops,OPEX_RD,R&D,OpEx,2026-02,Forecast,40971.52,GBP,SYNTHETIC_PUBLIC_SAFE
OPCO_B,Central Ops,OPEX_RD,R&D,OpEx,2026-03,Actual,37880.07,GBP,SYNTHETIC_PUBLIC_SAFE
OPCO_B,Central Ops,OPEX_RD,R&D,OpEx,2026-03,Budget,39801.03,GBP,SYNTHETIC_PUBLIC_SAFE
OPCO_B,Central Ops,OPEX_RD,R&D,OpEx,2026-03,Forecast,37969.48,GBP,SYNTHETIC_PUBLIC_SAFE
OPCO_B,Central Ops,OPEX_RD,R&D,OpEx,2026-04,Actual,41828.62,GBP,SYNTHETIC_PUBLIC_SAFE
OPCO_B,Central Ops,OPEX_RD,R&D,OpEx,2026-04,Budget,41252.15,GBP,SYNTHETIC_PUBLIC_SAFE
OPCO_B,Central Ops,OPEX_RD,R&D,OpEx,2026-04,Forecast,40837.43,GBP,SYNTHETIC_PUBLIC_SAFE
OPCO_B,Central Ops,OPEX_RD,R&D,OpEx,2026-05,Actual,42297.52,GBP,SYNTHETIC_PUBLIC_SAFE
OPCO_B,Central Ops,OPEX_RD,R&D,OpEx,2026-05,Budget,42124.64,GBP,SYNTHETIC_PUBLIC_SAFE
OPCO_B,Central Ops,OPEX_RD,R&D,OpEx,2026-05,Forecast,41369.7,GBP,SYNTHETIC_PUBLIC_SAFE
OPCO_B,Central Ops,OPEX_RD,R&D,OpEx,2026-06,Actual,42066.6,GBP,SYNTHETIC_PUBLIC_SAFE
OPCO_B,Central Ops,OPEX_RD,R&D,OpEx,2026-06,Budget,42367.84,GBP,SYNTHETIC_PUBLIC_SAFE
OPCO_B,Central Ops,OPEX_RD,R&D,OpEx,2026-06,Forecast,41240.82,GBP,SYNTHETIC_PUBLIC_SAFE
OPCO_C,South Ops,REV_PROD,Product revenue,Revenue,2025-01,Actual,243636.2,GBP,SYNTHETIC_PUBLIC_SAFE
OPCO_C,South Ops,REV_PROD,Product revenue,Revenue,2025-01,Budget,241979.53,GBP,SYNTHETIC_PUBLIC_SAFE
OPCO_C,South Ops,REV_PROD,Product revenue,Revenue,2025-01,Forecast,237098.46,GBP,SYNTHETIC_PUBLIC_SAFE
OPCO_C,South Ops,REV_PROD,Product revenue,Revenue,2025-02,Actual,219555.68,GBP,SYNTHETIC_PUBLIC_SAFE
OPCO_C,South Ops,REV_PROD,Product revenue,Revenue,2025-02,Budget,233107.43,GBP,SYNTHETIC_PUBLIC_SAFE
OPCO_C,South Ops,REV_PROD,Product revenue,Revenue,2025-02,Forecast,228739.91,GBP,SYNTHETIC_PUBLIC_SAFE
OPCO_C,South Ops,REV_PROD,Product revenue,Revenue,2025-03,Actual,251736.43,GBP,SYNTHETIC_PUBLIC_SAFE
OPCO_C,South Ops,REV_PROD,Product revenue,Revenue,2025-03,Budget,236180.0,GBP,SYNTHETIC_PUBLIC_SAFE
OPCO_C,South Ops,REV_PROD,Product revenue,Revenue,2025-03,Forecast,247105.49,GBP,SYNTHETIC_PUBLIC_SAFE
OPCO_C,South Ops,REV_PROD,Product revenue,Revenue,2025-04,Actual,224388.95,GBP,SYNTHETIC_PUBLIC_SAFE
OPCO_C,South Ops,REV_PROD,Product revenue,Revenue,2025-04,Budget,242730.08,GBP,SYNTHETIC_PUBLIC_SAFE
OPCO_C,South Ops,REV_PROD,Product revenue,Revenue,2025-04,Forecast,235342.64,GBP,SYNTHETIC_PUBLIC_SAFE
OPCO_C,South Ops,REV_PROD,Product revenue,Revenue,2025-05,Actual,226848.16,GBP,SYNTHETIC_PUBLIC_SAFE
OPCO_C,South Ops,REV_PROD,Product revenue,Revenue,2025-05,Budget,245819.99,GBP,SYNTHETIC_PUBLIC_SAFE
OPCO_C,South Ops,REV_PROD,Product revenue,Revenue,2025-05,Forecast,241301.25,GBP,SYNTHETIC_PUBLIC_SAFE
OPCO_C,South Ops,REV_PROD,Product revenue,Revenue,2025-06,Actual,245159.4,GBP,SYNTHETIC_PUBLIC_SAFE
OPCO_C,South Ops,REV_PROD,Product revenue,Revenue,2025-06,Budget,236640.64,GBP,SYNTHETIC_PUBLIC_SAFE
OPCO_C,South Ops,REV_PROD,Product revenue,Revenue,2025-06,Forecast,247893.51,GBP,SYNTHETIC_PUBLIC_SAFE
OPCO_C,South Ops,REV_PROD,Product revenue,Revenue,2025-07,Actual,253030.08,GBP,SYNTHETIC_PUBLIC_SAFE
OPCO_C,South Ops,REV_PROD,Product revenue,Revenue,2025-07,Budget,242117.67,GBP,SYNTHETIC_PUBLIC_SAFE
OPCO_C,South Ops,REV_PROD,Product revenue,Revenue,2025-07,Forecast,246509.97,GBP,SYNTHETIC_PUBLIC_SAFE
OPCO_C,South Ops,REV_PROD,Product revenue,Revenue,2025-08,Actual,240788.77,GBP,SYNTHETIC_PUBLIC_SAFE
OPCO_C,South Ops,REV_PROD,Product revenue,Revenue,2025-08,Budget,246502.69,GBP,SYNTHETIC_PUBLIC_SAFE
OPCO_C,South Ops,REV_PROD,Product revenue,Revenue,2025-08,Forecast,241324.73,GBP,SYNTHETIC_PUBLIC_SAFE
OPCO_C,South Ops,REV_PROD,Product revenue,Revenue,2025-09,Actual,258847.44,GBP,SYNTHETIC_PUBLIC_SAFE
OPCO_C,South Ops,REV_PROD,Product revenue,Revenue,2025-09,Budget,253621.94,GBP,SYNTHETIC_PUBLIC_SAFE
OPCO_C,South Ops,REV_PROD,Product revenue,Revenue,2025-09,Forecast,250170.21,GBP,SYNTHETIC_PUBLIC_SAFE
OPCO_C,South Ops,REV_PROD,Product revenue,Revenue,2025-10,Actual,264458.47,GBP,SYNTHETIC_PUBLIC_SAFE
OPCO_C,South Ops,REV_PROD,Product revenue,Revenue,2025-10,Budget,252147.71,GBP,SYNTHETIC_PUBLIC_SAFE
OPCO_C,South Ops,REV_PROD,Product revenue,Revenue,2025-10,Forecast,263397.46,GBP,SYNTHETIC_PUBLIC_SAFE
OPCO_C,South Ops,REV_PROD,Product revenue,Revenue,2025-11,Actual,257469.95,GBP,SYNTHETIC_PUBLIC_SAFE
OPCO_C,South Ops,REV_PROD,Product revenue,Revenue,2025-11,Budget,250397.96,GBP,SYNTHETIC_PUBLIC_SAFE
OPCO_C,South Ops,REV_PROD,Product revenue,Revenue,2025-11,Forecast,257496.07,GBP,SYNTHETIC_PUBLIC_SAFE
OPCO_C,South Ops,REV_PROD,Product revenue,Revenue,2025-12,Actual,268232.49,GBP,SYNTHETIC_PUBLIC_SAFE
OPCO_C,South Ops,REV_PROD,Product revenue,Revenue,2025-12,Budget,249207.01,GBP,SYNTHETIC_PUBLIC_SAFE
OPCO_C,South Ops,REV_PROD,Product revenue,Revenue,2025-12,Forecast,263503.98,GBP,SYNTHETIC_PUBLIC_SAFE
OPCO_C,South Ops,REV_PROD,Product revenue,Revenue,2026-01,Actual,234544.51,GBP,SYNTHETIC_PUBLIC_SAFE
OPCO_C,South Ops,REV_PROD,Product revenue,Revenue,2026-01,Budget,234198.15,GBP,SYNTHETIC_PUBLIC_SAFE
OPCO_C,South Ops,REV_PROD,Product revenue,Revenue,2026-01,Forecast,233465.36,GBP,SYNTHETIC_PUBLIC_SAFE
OPCO_C,South Ops,REV_PROD,Product revenue,Revenue,2026-02,Actual,242532.53,GBP,SYNTHETIC_PUBLIC_SAFE
OPCO_C,South Ops,REV_PROD,Product revenue,Revenue,2026-02,Budget,232397.92,GBP,SYNTHETIC_PUBLIC_SAFE
OPCO_C,South Ops,REV_PROD,Product revenue,Revenue,2026-02,Forecast,242476.4,GBP,SYNTHETIC_PUBLIC_SAFE
OPCO_C,South Ops,REV_PROD,Product revenue,Revenue,2026-03,Actual,247555.02,GBP,SYNTHETIC_PUBLIC_SAFE
OPCO_C,South Ops,REV_PROD,Product revenue,Revenue,2026-03,Budget,231094.52,GBP,SYNTHETIC_PUBLIC_SAFE
OPCO_C,South Ops,REV_PROD,Product revenue,Revenue,2026-03,Forecast,244804.8,GBP,SYNTHETIC_PUBLIC_SAFE
OPCO_C,South Ops,REV_PROD,Product revenue,Revenue,2026-04,Actual,229936.21,GBP,SYNTHETIC_PUBLIC_SAFE
OPCO_C,South Ops,REV_PROD,Product revenue,Revenue,2026-04,Budget,238997.49,GBP,SYNTHETIC_PUBLIC_SAFE
OPCO_C,South Ops,REV_PROD,Product revenue,Revenue,2026-04,Forecast,236019.0,GBP,SYNTHETIC_PUBLIC_SAFE
OPCO_C,South Ops,REV_PROD,Product revenue,Revenue,2026-05,Actual,236069.87,GBP,SYNTHETIC_PUBLIC_SAFE
OPCO_C,South Ops,REV_PROD,Product revenue,Revenue,2026-05,Budget,233443.18,GBP,SYNTHETIC_PUBLIC_SAFE
OPCO_C,South Ops,REV_PROD,Product revenue,Revenue,2026-05,Forecast,239699.83,GBP,SYNTHETIC_PUBLIC_SAFE
OPCO_C,South Ops,REV_PROD,Product revenue,Revenue,2026-06,Actual,231130.54,GBP,SYNTHETIC_PUBLIC_SAFE
OPCO_C,South Ops,REV_PROD,Product revenue,Revenue,2026-06,Budget,238166.7,GBP,SYNTHETIC_PUBLIC_SAFE
OPCO_C,South Ops,REV_PROD,Product revenue,Revenue,2026-06,Forecast,238841.78,GBP,SYNTHETIC_PUBLIC_SAFE
OPCO_C,South Ops,REV_SERV,Service revenue,Revenue,2025-01,Actual,97777.1,GBP,SYNTHETIC_PUBLIC_SAFE
OPCO_C,South Ops,REV_SERV,Service revenue,Revenue,2025-01,Budget,103120.62,GBP,SYNTHETIC_PUBLIC_SAFE
OPCO_C,South Ops,REV_SERV,Service revenue,Revenue,2025-01,Forecast,101661.38,GBP,SYNTHETIC_PUBLIC_SAFE
OPCO_C,South Ops,REV_SERV,Service revenue,Revenue,2025-02,Actual,97593.73,GBP,SYNTHETIC_PUBLIC_SAFE
OPCO_C,South Ops,REV_SERV,Service revenue,Revenue,2025-02,Budget,97796.46,GBP,SYNTHETIC_PUBLIC_SAFE
OPCO_C,South Ops,REV_SERV,Service revenue,Revenue,2025-02,Forecast,100321.51,GBP,SYNTHETIC_PUBLIC_SAFE
OPCO_C,South Ops,REV_SERV,Service revenue,Revenue,2025-03,Actual,95617.46,GBP,SYNTHETIC_PUBLIC_SAFE
OPCO_C,South Ops,REV_SERV,Service revenue,Revenue,2025-03,Budget,103493.9,GBP,SYNTHETIC_PUBLIC_SAFE
OPCO_C,South Ops,REV_SERV,Service revenue,Revenue,2025-03,Forecast,99487.45,GBP,SYNTHETIC_PUBLIC_SAFE
OPCO_C,South Ops,REV_SERV,Service revenue,Revenue,2025-04,Actual,105827.83,GBP,SYNTHETIC_PUBLIC_SAFE
OPCO_C,South Ops,REV_SERV,Service revenue,Revenue,2025-04,Budget,104027.14,GBP,SYNTHETIC_PUBLIC_SAFE
OPCO_C,South Ops,REV_SERV,Service revenue,Revenue,2025-04,Forecast,105846.04,GBP,SYNTHETIC_PUBLIC_SAFE
OPCO_C,South Ops,REV_SERV,Service revenue,Revenue,2025-05,Actual,102767.88,GBP,SYNTHETIC_PUBLIC_SAFE
OPCO_C,South Ops,REV_SERV,Service revenue,Revenue,2025-05,Budget,105497.28,GBP,SYNTHETIC_PUBLIC_SAFE
OPCO_C,South Ops,REV_SERV,Service revenue,Revenue,2025-05,Forecast,101590.0,GBP,SYNTHETIC_PUBLIC_SAFE
OPCO_C,South Ops,REV_SERV,Service revenue,Revenue,2025-06,Actual,99627.01,GBP,SYNTHETIC_PUBLIC_SAFE
OPCO_C,South Ops,REV_SERV,Service revenue,Revenue,2025-06,Budget,105516.42,GBP,SYNTHETIC_PUBLIC_SAFE
OPCO_C,South Ops,REV_SERV,Service revenue,Revenue,2025-06,Forecast,101379.05,GBP,SYNTHETIC_PUBLIC_SAFE
OPCO_C,South Ops,REV_SERV,Service revenue,Revenue,2025-07,Actual,105532.89,GBP,SYNTHETIC_PUBLIC_SAFE
OPCO_C,South Ops,REV_SERV,Service revenue,Revenue,2025-07,Budget,104676.41,GBP,SYNTHETIC_PUBLIC_SAFE
OPCO_C,South Ops,REV_SERV,Service revenue,Revenue,2025-07,Forecast,105299.65,GBP,SYNTHETIC_PUBLIC_SAFE
OPCO_C,South Ops,REV_SERV,Service revenue,Revenue,2025-08,Actual,103995.32,GBP,SYNTHETIC_PUBLIC_SAFE
OPCO_C,South Ops,REV_SERV,Service revenue,Revenue,2025-08,Budget,107391.7,GBP,SYNTHETIC_PUBLIC_SAFE
OPCO_C,South Ops,REV_SERV,Service revenue,Revenue,2025-08,Forecast,104620.45,GBP,SYNTHETIC_PUBLIC_SAFE
OPCO_C,South Ops,REV_SERV,Service revenue,Revenue,2025-09,Actual,108782.75,GBP,SYNTHETIC_PUBLIC_SAFE
OPCO_C,South Ops,REV_SERV,Service revenue,Revenue,2025-09,Budget,104651.48,GBP,SYNTHETIC_PUBLIC_SAFE
OPCO_C,South Ops,REV_SERV,Service revenue,Revenue,2025-09,Forecast,105125.35,GBP,SYNTHETIC_PUBLIC_SAFE
OPCO_C,South Ops,REV_SERV,Service revenue,Revenue,2025-10,Actual,100932.95,GBP,SYNTHETIC_PUBLIC_SAFE
OPCO_C,South Ops,REV_SERV,Service revenue,Revenue,2025-10,Budget,104792.37,GBP,SYNTHETIC_PUBLIC_SAFE
OPCO_C,South Ops,REV_SERV,Service revenue,Revenue,2025-10,Forecast,100514.64,GBP,SYNTHETIC_PUBLIC_SAFE
OPCO_C,South Ops,REV_SERV,Service revenue,Revenue,2025-11,Actual,107795.23,GBP,SYNTHETIC_PUBLIC_SAFE
OPCO_C,South Ops,REV_SERV,Service revenue,Revenue,2025-11,Budget,109742.12,GBP,SYNTHETIC_PUBLIC_SAFE
OPCO_C,South Ops,REV_SERV,Service revenue,Revenue,2025-11,Forecast,106713.92,GBP,SYNTHETIC_PUBLIC_SAFE
OPCO_C,South Ops,REV_SERV,Service revenue,Revenue,2025-12,Actual,103743.82,GBP,SYNTHETIC_PUBLIC_SAFE
OPCO_C,South Ops,REV_SERV,Service revenue,Revenue,2025-12,Budget,108405.54,GBP,SYNTHETIC_PUBLIC_SAFE
OPCO_C,South Ops,REV_SERV,Service revenue,Revenue,2025-12,Forecast,107504.05,GBP,SYNTHETIC_PUBLIC_SAFE
OPCO_C,South Ops,REV_SERV,Service revenue,Revenue,2026-01,Actual,106595.77,GBP,SYNTHETIC_PUBLIC_SAFE
OPCO_C,South Ops,REV_SERV,Service revenue,Revenue,2026-01,Budget,100655.73,GBP,SYNTHETIC_PUBLIC_SAFE
OPCO_C,South Ops,REV_SERV,Service revenue,Revenue,2026-01,Forecast,102276.53,GBP,SYNTHETIC_PUBLIC_SAFE
OPCO_C,South Ops,REV_SERV,Service revenue,Revenue,2026-02,Actual,95140.22,GBP,SYNTHETIC_PUBLIC_SAFE
OPCO_C,South Ops,REV_SERV,Service revenue,Revenue,2026-02,Budget,99080.62,GBP,SYNTHETIC_PUBLIC_SAFE
OPCO_C,South Ops,REV_SERV,Service revenue,Revenue,2026-02,Forecast,95522.57,GBP,SYNTHETIC_PUBLIC_SAFE
OPCO_C,South Ops,REV_SERV,Service revenue,Revenue,2026-03,Actual,96936.84,GBP,SYNTHETIC_PUBLIC_SAFE
OPCO_C,South Ops,REV_SERV,Service revenue,Revenue,2026-03,Budget,98530.67,GBP,SYNTHETIC_PUBLIC_SAFE
OPCO_C,South Ops,REV_SERV,Service revenue,Revenue,2026-03,Forecast,97933.92,GBP,SYNTHETIC_PUBLIC_SAFE
OPCO_C,South Ops,REV_SERV,Service revenue,Revenue,2026-04,Actual,98975.31,GBP,SYNTHETIC_PUBLIC_SAFE
OPCO_C,South Ops,REV_SERV,Service revenue,Revenue,2026-04,Budget,106035.98,GBP,SYNTHETIC_PUBLIC_SAFE
OPCO_C,South Ops,REV_SERV,Service revenue,Revenue,2026-04,Forecast,102833.82,GBP,SYNTHETIC_PUBLIC_SAFE
OPCO_C,South Ops,REV_SERV,Service revenue,Revenue,2026-05,Actual,105714.6,GBP,SYNTHETIC_PUBLIC_SAFE
OPCO_C,South Ops,REV_SERV,Service revenue,Revenue,2026-05,Budget,100742.97,GBP,SYNTHETIC_PUBLIC_SAFE
OPCO_C,South Ops,REV_SERV,Service revenue,Revenue,2026-05,Forecast,105510.93,GBP,SYNTHETIC_PUBLIC_SAFE
OPCO_C,South Ops,REV_SERV,Service revenue,Revenue,2026-06,Actual,103494.98,GBP,SYNTHETIC_PUBLIC_SAFE
OPCO_C,South Ops,REV_SERV,Service revenue,Revenue,2026-06,Budget,106815.87,GBP,SYNTHETIC_PUBLIC_SAFE
OPCO_C,South Ops,REV_SERV,Service revenue,Revenue,2026-06,Forecast,105622.72,GBP,SYNTHETIC_PUBLIC_SAFE
OPCO_C,South Ops,COGS,Cost of sales,COGS,2025-01,Actual,143817.33,GBP,SYNTHETIC_PUBLIC_SAFE
OPCO_C,South Ops,COGS,Cost of sales,COGS,2025-01,Budget,144549.09,GBP,SYNTHETIC_PUBLIC_SAFE
OPCO_C,South Ops,COGS,Cost of sales,COGS,2025-01,Forecast,141452.64,GBP,SYNTHETIC_PUBLIC_SAFE
OPCO_C,South Ops,COGS,Cost of sales,COGS,2025-02,Actual,136433.64,GBP,SYNTHETIC_PUBLIC_SAFE
OPCO_C,South Ops,COGS,Cost of sales,COGS,2025-02,Budget,150647.76,GBP,SYNTHETIC_PUBLIC_SAFE
OPCO_C,South Ops,COGS,Cost of sales,COGS,2025-02,Forecast,143348.89,GBP,SYNTHETIC_PUBLIC_SAFE
OPCO_C,South Ops,COGS,Cost of sales,COGS,2025-03,Actual,153073.36,GBP,SYNTHETIC_PUBLIC_SAFE
OPCO_C,South Ops,COGS,Cost of sales,COGS,2025-03,Budget,146247.82,GBP,SYNTHETIC_PUBLIC_SAFE
OPCO_C,South Ops,COGS,Cost of sales,COGS,2025-03,Forecast,145836.0,GBP,SYNTHETIC_PUBLIC_SAFE
OPCO_C,South Ops,COGS,Cost of sales,COGS,2025-04,Actual,150229.24,GBP,SYNTHETIC_PUBLIC_SAFE
OPCO_C,South Ops,COGS,Cost of sales,COGS,2025-04,Budget,143745.94,GBP,SYNTHETIC_PUBLIC_SAFE
OPCO_C,South Ops,COGS,Cost of sales,COGS,2025-04,Forecast,143893.77,GBP,SYNTHETIC_PUBLIC_SAFE
OPCO_C,South Ops,COGS,Cost of sales,COGS,2025-05,Actual,149926.25,GBP,SYNTHETIC_PUBLIC_SAFE
OPCO_C,South Ops,COGS,Cost of sales,COGS,2025-05,Budget,147346.67,GBP,SYNTHETIC_PUBLIC_SAFE
OPCO_C,South Ops,COGS,Cost of sales,COGS,2025-05,Forecast,153041.31,GBP,SYNTHETIC_PUBLIC_SAFE
OPCO_C,South Ops,COGS,Cost of sales,COGS,2025-06,Actual,141765.63,GBP,SYNTHETIC_PUBLIC_SAFE
OPCO_C,South Ops,COGS,Cost of sales,COGS,2025-06,Budget,153166.34,GBP,SYNTHETIC_PUBLIC_SAFE
OPCO_C,South Ops,COGS,Cost of sales,COGS,2025-06,Forecast,148406.68,GBP,SYNTHETIC_PUBLIC_SAFE
OPCO_C,South Ops,COGS,Cost of sales,COGS,2025-07,Actual,156807.02,GBP,SYNTHETIC_PUBLIC_SAFE
OPCO_C,South Ops,COGS,Cost of sales,COGS,2025-07,Budget,148612.91,GBP,SYNTHETIC_PUBLIC_SAFE
OPCO_C,South Ops,COGS,Cost of sales,COGS,2025-07,Forecast,152916.79,GBP,SYNTHETIC_PUBLIC_SAFE
OPCO_C,South Ops,COGS,Cost of sales,COGS,2025-08,Actual,150741.66,GBP,SYNTHETIC_PUBLIC_SAFE
OPCO_C,South Ops,COGS,Cost of sales,COGS,2025-08,Budget,151931.65,GBP,SYNTHETIC_PUBLIC_SAFE
OPCO_C,South Ops,COGS,Cost of sales,COGS,2025-08,Forecast,154607.04,GBP,SYNTHETIC_PUBLIC_SAFE
OPCO_C,South Ops,COGS,Cost of sales,COGS,2025-09,Actual,163214.41,GBP,SYNTHETIC_PUBLIC_SAFE
OPCO_C,South Ops,COGS,Cost of sales,COGS,2025-09,Budget,151528.31,GBP,SYNTHETIC_PUBLIC_SAFE
OPCO_C,South Ops,COGS,Cost of sales,COGS,2025-09,Forecast,158514.13,GBP,SYNTHETIC_PUBLIC_SAFE
OPCO_C,South Ops,COGS,Cost of sales,COGS,2025-10,Actual,156222.07,GBP,SYNTHETIC_PUBLIC_SAFE
OPCO_C,South Ops,COGS,Cost of sales,COGS,2025-10,Budget,157206.0,GBP,SYNTHETIC_PUBLIC_SAFE
OPCO_C,South Ops,COGS,Cost of sales,COGS,2025-10,Forecast,160922.65,GBP,SYNTHETIC_PUBLIC_SAFE
OPCO_C,South Ops,COGS,Cost of sales,COGS,2025-11,Actual,148658.45,GBP,SYNTHETIC_PUBLIC_SAFE
OPCO_C,South Ops,COGS,Cost of sales,COGS,2025-11,Budget,152597.99,GBP,SYNTHETIC_PUBLIC_SAFE
OPCO_C,South Ops,COGS,Cost of sales,COGS,2025-11,Forecast,152078.12,GBP,SYNTHETIC_PUBLIC_SAFE
OPCO_C,South Ops,COGS,Cost of sales,COGS,2025-12,Actual,148569.43,GBP,SYNTHETIC_PUBLIC_SAFE
OPCO_C,South Ops,COGS,Cost of sales,COGS,2025-12,Budget,153230.26,GBP,SYNTHETIC_PUBLIC_SAFE
OPCO_C,South Ops,COGS,Cost of sales,COGS,2025-12,Forecast,147052.49,GBP,SYNTHETIC_PUBLIC_SAFE
OPCO_C,South Ops,COGS,Cost of sales,COGS,2026-01,Actual,134473.57,GBP,SYNTHETIC_PUBLIC_SAFE
OPCO_C,South Ops,COGS,Cost of sales,COGS,2026-01,Budget,144649.54,GBP,SYNTHETIC_PUBLIC_SAFE
OPCO_C,South Ops,COGS,Cost of sales,COGS,2026-01,Forecast,140347.1,GBP,SYNTHETIC_PUBLIC_SAFE
OPCO_C,South Ops,COGS,Cost of sales,COGS,2026-02,Actual,141271.02,GBP,SYNTHETIC_PUBLIC_SAFE
OPCO_C,South Ops,COGS,Cost of sales,COGS,2026-02,Budget,143493.13,GBP,SYNTHETIC_PUBLIC_SAFE
OPCO_C,South Ops,COGS,Cost of sales,COGS,2026-02,Forecast,144150.08,GBP,SYNTHETIC_PUBLIC_SAFE
OPCO_C,South Ops,COGS,Cost of sales,COGS,2026-03,Actual,150653.72,GBP,SYNTHETIC_PUBLIC_SAFE
OPCO_C,South Ops,COGS,Cost of sales,COGS,2026-03,Budget,146789.36,GBP,SYNTHETIC_PUBLIC_SAFE
OPCO_C,South Ops,COGS,Cost of sales,COGS,2026-03,Forecast,150393.63,GBP,SYNTHETIC_PUBLIC_SAFE
OPCO_C,South Ops,COGS,Cost of sales,COGS,2026-04,Actual,156253.06,GBP,SYNTHETIC_PUBLIC_SAFE
OPCO_C,South Ops,COGS,Cost of sales,COGS,2026-04,Budget,151255.82,GBP,SYNTHETIC_PUBLIC_SAFE
OPCO_C,South Ops,COGS,Cost of sales,COGS,2026-04,Forecast,154908.13,GBP,SYNTHETIC_PUBLIC_SAFE
OPCO_C,South Ops,COGS,Cost of sales,COGS,2026-05,Actual,151952.36,GBP,SYNTHETIC_PUBLIC_SAFE
OPCO_C,South Ops,COGS,Cost of sales,COGS,2026-05,Budget,153834.71,GBP,SYNTHETIC_PUBLIC_SAFE
OPCO_C,South Ops,COGS,Cost of sales,COGS,2026-05,Forecast,152206.79,GBP,SYNTHETIC_PUBLIC_SAFE
OPCO_C,South Ops,COGS,Cost of sales,COGS,2026-06,Actual,150606.58,GBP,SYNTHETIC_PUBLIC_SAFE
OPCO_C,South Ops,COGS,Cost of sales,COGS,2026-06,Budget,151954.56,GBP,SYNTHETIC_PUBLIC_SAFE
OPCO_C,South Ops,COGS,Cost of sales,COGS,2026-06,Forecast,154987.65,GBP,SYNTHETIC_PUBLIC_SAFE
OPCO_C,South Ops,OPEX_SGA,SG&A,OpEx,2025-01,Actual,63871.57,GBP,SYNTHETIC_PUBLIC_SAFE
OPCO_C,South Ops,OPEX_SGA,SG&A,OpEx,2025-01,Budget,59592.42,GBP,SYNTHETIC_PUBLIC_SAFE
OPCO_C,South Ops,OPEX_SGA,SG&A,OpEx,2025-01,Forecast,60494.6,GBP,SYNTHETIC_PUBLIC_SAFE
OPCO_C,South Ops,OPEX_SGA,SG&A,OpEx,2025-02,Actual,59908.02,GBP,SYNTHETIC_PUBLIC_SAFE
OPCO_C,South Ops,OPEX_SGA,SG&A,OpEx,2025-02,Budget,62916.1,GBP,SYNTHETIC_PUBLIC_SAFE
OPCO_C,South Ops,OPEX_SGA,SG&A,OpEx,2025-02,Forecast,61667.07,GBP,SYNTHETIC_PUBLIC_SAFE
OPCO_C,South Ops,OPEX_SGA,SG&A,OpEx,2025-03,Actual,60177.29,GBP,SYNTHETIC_PUBLIC_SAFE
OPCO_C,South Ops,OPEX_SGA,SG&A,OpEx,2025-03,Budget,60686.7,GBP,SYNTHETIC_PUBLIC_SAFE
OPCO_C,South Ops,OPEX_SGA,SG&A,OpEx,2025-03,Forecast,61116.13,GBP,SYNTHETIC_PUBLIC_SAFE
OPCO_C,South Ops,OPEX_SGA,SG&A,OpEx,2025-04,Actual,64166.86,GBP,SYNTHETIC_PUBLIC_SAFE
OPCO_C,South Ops,OPEX_SGA,SG&A,OpEx,2025-04,Budget,64662.94,GBP,SYNTHETIC_PUBLIC_SAFE
OPCO_C,South Ops,OPEX_SGA,SG&A,OpEx,2025-04,Forecast,64416.72,GBP,SYNTHETIC_PUBLIC_SAFE
OPCO_C,South Ops,OPEX_SGA,SG&A,OpEx,2025-05,Actual,62828.52,GBP,SYNTHETIC_PUBLIC_SAFE
OPCO_C,South Ops,OPEX_SGA,SG&A,OpEx,2025-05,Budget,61365.38,GBP,SYNTHETIC_PUBLIC_SAFE
OPCO_C,South Ops,OPEX_SGA,SG&A,OpEx,2025-05,Forecast,60382.56,GBP,SYNTHETIC_PUBLIC_SAFE
OPCO_C,South Ops,OPEX_SGA,SG&A,OpEx,2025-06,Actual,62730.35,GBP,SYNTHETIC_PUBLIC_SAFE
OPCO_C,South Ops,OPEX_SGA,SG&A,OpEx,2025-06,Budget,62860.67,GBP,SYNTHETIC_PUBLIC_SAFE
OPCO_C,South Ops,OPEX_SGA,SG&A,OpEx,2025-06,Forecast,61854.96,GBP,SYNTHETIC_PUBLIC_SAFE
OPCO_C,South Ops,OPEX_SGA,SG&A,OpEx,2025-07,Actual,60158.89,GBP,SYNTHETIC_PUBLIC_SAFE
OPCO_C,South Ops,OPEX_SGA,SG&A,OpEx,2025-07,Budget,66128.65,GBP,SYNTHETIC_PUBLIC_SAFE
OPCO_C,South Ops,OPEX_SGA,SG&A,OpEx,2025-07,Forecast,64416.59,GBP,SYNTHETIC_PUBLIC_SAFE
OPCO_C,South Ops,OPEX_SGA,SG&A,OpEx,2025-08,Actual,64885.16,GBP,SYNTHETIC_PUBLIC_SAFE
OPCO_C,South Ops,OPEX_SGA,SG&A,OpEx,2025-08,Budget,66539.97,GBP,SYNTHETIC_PUBLIC_SAFE
OPCO_C,South Ops,OPEX_SGA,SG&A,OpEx,2025-08,Forecast,67682.26,GBP,SYNTHETIC_PUBLIC_SAFE
OPCO_C,South Ops,OPEX_SGA,SG&A,OpEx,2025-09,Actual,66204.33,GBP,SYNTHETIC_PUBLIC_SAFE
OPCO_C,South Ops,OPEX_SGA,SG&A,OpEx,2025-09,Budget,63947.39,GBP,SYNTHETIC_PUBLIC_SAFE
OPCO_C,South Ops,OPEX_SGA,SG&A,OpEx,2025-09,Forecast,63280.67,GBP,SYNTHETIC_PUBLIC_SAFE
OPCO_C,South Ops,OPEX_SGA,SG&A,OpEx,2025-10,Actual,67417.27,GBP,SYNTHETIC_PUBLIC_SAFE
OPCO_C,South Ops,OPEX_SGA,SG&A,OpEx,2025-10,Budget,65293.79,GBP,SYNTHETIC_PUBLIC_SAFE
OPCO_C,South Ops,OPEX_SGA,SG&A,OpEx,2025-10,Forecast,66958.74,GBP,SYNTHETIC_PUBLIC_SAFE
OPCO_C,South Ops,OPEX_SGA,SG&A,OpEx,2025-11,Actual,69329.44,GBP,SYNTHETIC_PUBLIC_SAFE
OPCO_C,South Ops,OPEX_SGA,SG&A,OpEx,2025-11,Budget,64426.51,GBP,SYNTHETIC_PUBLIC_SAFE
OPCO_C,South Ops,OPEX_SGA,SG&A,OpEx,2025-11,Forecast,67220.38,GBP,SYNTHETIC_PUBLIC_SAFE
OPCO_C,South Ops,OPEX_SGA,SG&A,OpEx,2025-12,Actual,67226.36,GBP,SYNTHETIC_PUBLIC_SAFE
OPCO_C,South Ops,OPEX_SGA,SG&A,OpEx,2025-12,Budget,66282.26,GBP,SYNTHETIC_PUBLIC_SAFE
OPCO_C,South Ops,OPEX_SGA,SG&A,OpEx,2025-12,Forecast,65117.13,GBP,SYNTHETIC_PUBLIC_SAFE
OPCO_C,South Ops,OPEX_SGA,SG&A,OpEx,2026-01,Actual,59817.23,GBP,SYNTHETIC_PUBLIC_SAFE
OPCO_C,South Ops,OPEX_SGA,SG&A,OpEx,2026-01,Budget,60701.56,GBP,SYNTHETIC_PUBLIC_SAFE
OPCO_C,South Ops,OPEX_SGA,SG&A,OpEx,2026-01,Forecast,60874.52,GBP,SYNTHETIC_PUBLIC_SAFE
OPCO_C,South Ops,OPEX_SGA,SG&A,OpEx,2026-02,Actual,64601.44,GBP,SYNTHETIC_PUBLIC_SAFE
OPCO_C,South Ops,OPEX_SGA,SG&A,OpEx,2026-02,Budget,61128.08,GBP,SYNTHETIC_PUBLIC_SAFE
OPCO_C,South Ops,OPEX_SGA,SG&A,OpEx,2026-02,Forecast,63595.27,GBP,SYNTHETIC_PUBLIC_SAFE
OPCO_C,South Ops,OPEX_SGA,SG&A,OpEx,2026-03,Actual,60173.91,GBP,SYNTHETIC_PUBLIC_SAFE
OPCO_C,South Ops,OPEX_SGA,SG&A,OpEx,2026-03,Budget,64213.52,GBP,SYNTHETIC_PUBLIC_SAFE
OPCO_C,South Ops,OPEX_SGA,SG&A,OpEx,2026-03,Forecast,63363.83,GBP,SYNTHETIC_PUBLIC_SAFE
OPCO_C,South Ops,OPEX_SGA,SG&A,OpEx,2026-04,Actual,62871.78,GBP,SYNTHETIC_PUBLIC_SAFE
OPCO_C,South Ops,OPEX_SGA,SG&A,OpEx,2026-04,Budget,62551.81,GBP,SYNTHETIC_PUBLIC_SAFE
OPCO_C,South Ops,OPEX_SGA,SG&A,OpEx,2026-04,Forecast,62013.88,GBP,SYNTHETIC_PUBLIC_SAFE
OPCO_C,South Ops,OPEX_SGA,SG&A,OpEx,2026-05,Actual,61342.18,GBP,SYNTHETIC_PUBLIC_SAFE
OPCO_C,South Ops,OPEX_SGA,SG&A,OpEx,2026-05,Budget,65243.06,GBP,SYNTHETIC_PUBLIC_SAFE
OPCO_C,South Ops,OPEX_SGA,SG&A,OpEx,2026-05,Forecast,62928.72,GBP,SYNTHETIC_PUBLIC_SAFE
OPCO_C,South Ops,OPEX_SGA,SG&A,OpEx,2026-06,Actual,63455.13,GBP,SYNTHETIC_PUBLIC_SAFE
OPCO_C,South Ops,OPEX_SGA,SG&A,OpEx,2026-06,Budget,65782.86,GBP,SYNTHETIC_PUBLIC_SAFE
OPCO_C,South Ops,OPEX_SGA,SG&A,OpEx,2026-06,Forecast,65230.27,GBP,SYNTHETIC_PUBLIC_SAFE
OPCO_C,South Ops,OPEX_RD,R&D,OpEx,2025-01,Actual,30732.88,GBP,SYNTHETIC_PUBLIC_SAFE
OPCO_C,South Ops,OPEX_RD,R&D,OpEx,2025-01,Budget,30520.05,GBP,SYNTHETIC_PUBLIC_SAFE
OPCO_C,South Ops,OPEX_RD,R&D,OpEx,2025-01,Forecast,30052.37,GBP,SYNTHETIC_PUBLIC_SAFE
OPCO_C,South Ops,OPEX_RD,R&D,OpEx,2025-02,Actual,30185.08,GBP,SYNTHETIC_PUBLIC_SAFE
OPCO_C,South Ops,OPEX_RD,R&D,OpEx,2025-02,Budget,31474.02,GBP,SYNTHETIC_PUBLIC_SAFE
OPCO_C,South Ops,OPEX_RD,R&D,OpEx,2025-02,Forecast,31061.53,GBP,SYNTHETIC_PUBLIC_SAFE
OPCO_C,South Ops,OPEX_RD,R&D,OpEx,2025-03,Actual,32113.98,GBP,SYNTHETIC_PUBLIC_SAFE
OPCO_C,South Ops,OPEX_RD,R&D,OpEx,2025-03,Budget,30513.5,GBP,SYNTHETIC_PUBLIC_SAFE
OPCO_C,South Ops,OPEX_RD,R&D,OpEx,2025-03,Forecast,31406.22,GBP,SYNTHETIC_PUBLIC_SAFE
OPCO_C,South Ops,OPEX_RD,R&D,OpEx,2025-04,Actual,33069.81,GBP,SYNTHETIC_PUBLIC_SAFE
OPCO_C,South Ops,OPEX_RD,R&D,OpEx,2025-04,Budget,31239.75,GBP,SYNTHETIC_PUBLIC_SAFE
OPCO_C,South Ops,OPEX_RD,R&D,OpEx,2025-04,Forecast,32537.26,GBP,SYNTHETIC_PUBLIC_SAFE
OPCO_C,South Ops,OPEX_RD,R&D,OpEx,2025-05,Actual,29791.4,GBP,SYNTHETIC_PUBLIC_SAFE
OPCO_C,South Ops,OPEX_RD,R&D,OpEx,2025-05,Budget,32627.98,GBP,SYNTHETIC_PUBLIC_SAFE
OPCO_C,South Ops,OPEX_RD,R&D,OpEx,2025-05,Forecast,31413.56,GBP,SYNTHETIC_PUBLIC_SAFE
OPCO_C,South Ops,OPEX_RD,R&D,OpEx,2025-06,Actual,30519.28,GBP,SYNTHETIC_PUBLIC_SAFE
OPCO_C,South Ops,OPEX_RD,R&D,OpEx,2025-06,Budget,31070.56,GBP,SYNTHETIC_PUBLIC_SAFE
OPCO_C,South Ops,OPEX_RD,R&D,OpEx,2025-06,Forecast,30888.85,GBP,SYNTHETIC_PUBLIC_SAFE
OPCO_C,South Ops,OPEX_RD,R&D,OpEx,2025-07,Actual,32116.64,GBP,SYNTHETIC_PUBLIC_SAFE
OPCO_C,South Ops,OPEX_RD,R&D,OpEx,2025-07,Budget,31144.58,GBP,SYNTHETIC_PUBLIC_SAFE
OPCO_C,South Ops,OPEX_RD,R&D,OpEx,2025-07,Forecast,32564.83,GBP,SYNTHETIC_PUBLIC_SAFE
OPCO_C,South Ops,OPEX_RD,R&D,OpEx,2025-08,Actual,33945.69,GBP,SYNTHETIC_PUBLIC_SAFE
OPCO_C,South Ops,OPEX_RD,R&D,OpEx,2025-08,Budget,32181.06,GBP,SYNTHETIC_PUBLIC_SAFE
OPCO_C,South Ops,OPEX_RD,R&D,OpEx,2025-08,Forecast,32304.5,GBP,SYNTHETIC_PUBLIC_SAFE
OPCO_C,South Ops,OPEX_RD,R&D,OpEx,2025-09,Actual,33818.57,GBP,SYNTHETIC_PUBLIC_SAFE
OPCO_C,South Ops,OPEX_RD,R&D,OpEx,2025-09,Budget,32486.51,GBP,SYNTHETIC_PUBLIC_SAFE
OPCO_C,South Ops,OPEX_RD,R&D,OpEx,2025-09,Forecast,33583.4,GBP,SYNTHETIC_PUBLIC_SAFE
OPCO_C,South Ops,OPEX_RD,R&D,OpEx,2025-10,Actual,32592.33,GBP,SYNTHETIC_PUBLIC_SAFE
OPCO_C,South Ops,OPEX_RD,R&D,OpEx,2025-10,Budget,32202.27,GBP,SYNTHETIC_PUBLIC_SAFE
OPCO_C,South Ops,OPEX_RD,R&D,OpEx,2025-10,Forecast,33047.95,GBP,SYNTHETIC_PUBLIC_SAFE
OPCO_C,South Ops,OPEX_RD,R&D,OpEx,2025-11,Actual,34956.25,GBP,SYNTHETIC_PUBLIC_SAFE
OPCO_C,South Ops,OPEX_RD,R&D,OpEx,2025-11,Budget,32354.63,GBP,SYNTHETIC_PUBLIC_SAFE
OPCO_C,South Ops,OPEX_RD,R&D,OpEx,2025-11,Forecast,33758.96,GBP,SYNTHETIC_PUBLIC_SAFE
OPCO_C,South Ops,OPEX_RD,R&D,OpEx,2025-12,Actual,32464.25,GBP,SYNTHETIC_PUBLIC_SAFE
OPCO_C,South Ops,OPEX_RD,R&D,OpEx,2025-12,Budget,34124.82,GBP,SYNTHETIC_PUBLIC_SAFE
OPCO_C,South Ops,OPEX_RD,R&D,OpEx,2025-12,Forecast,33311.0,GBP,SYNTHETIC_PUBLIC_SAFE
OPCO_C,South Ops,OPEX_RD,R&D,OpEx,2026-01,Actual,32158.95,GBP,SYNTHETIC_PUBLIC_SAFE
OPCO_C,South Ops,OPEX_RD,R&D,OpEx,2026-01,Budget,31474.58,GBP,SYNTHETIC_PUBLIC_SAFE
OPCO_C,South Ops,OPEX_RD,R&D,OpEx,2026-01,Forecast,31389.62,GBP,SYNTHETIC_PUBLIC_SAFE
OPCO_C,South Ops,OPEX_RD,R&D,OpEx,2026-02,Actual,32011.81,GBP,SYNTHETIC_PUBLIC_SAFE
OPCO_C,South Ops,OPEX_RD,R&D,OpEx,2026-02,Budget,30745.63,GBP,SYNTHETIC_PUBLIC_SAFE
OPCO_C,South Ops,OPEX_RD,R&D,OpEx,2026-02,Forecast,32196.29,GBP,SYNTHETIC_PUBLIC_SAFE
OPCO_C,South Ops,OPEX_RD,R&D,OpEx,2026-03,Actual,31030.15,GBP,SYNTHETIC_PUBLIC_SAFE
OPCO_C,South Ops,OPEX_RD,R&D,OpEx,2026-03,Budget,31838.99,GBP,SYNTHETIC_PUBLIC_SAFE
OPCO_C,South Ops,OPEX_RD,R&D,OpEx,2026-03,Forecast,31024.99,GBP,SYNTHETIC_PUBLIC_SAFE
OPCO_C,South Ops,OPEX_RD,R&D,OpEx,2026-04,Actual,30347.37,GBP,SYNTHETIC_PUBLIC_SAFE
OPCO_C,South Ops,OPEX_RD,R&D,OpEx,2026-04,Budget,31561.76,GBP,SYNTHETIC_PUBLIC_SAFE
OPCO_C,South Ops,OPEX_RD,R&D,OpEx,2026-04,Forecast,31881.16,GBP,SYNTHETIC_PUBLIC_SAFE
OPCO_C,South Ops,OPEX_RD,R&D,OpEx,2026-05,Actual,31396.15,GBP,SYNTHETIC_PUBLIC_SAFE
OPCO_C,South Ops,OPEX_RD,R&D,OpEx,2026-05,Budget,30831.2,GBP,SYNTHETIC_PUBLIC_SAFE
OPCO_C,South Ops,OPEX_RD,R&D,OpEx,2026-05,Forecast,31185.7,GBP,SYNTHETIC_PUBLIC_SAFE
OPCO_C,South Ops,OPEX_RD,R&D,OpEx,2026-06,Actual,30983.75,GBP,SYNTHETIC_PUBLIC_SAFE
OPCO_C,South Ops,OPEX_RD,R&D,OpEx,2026-06,Budget,31934.18,GBP,SYNTHETIC_PUBLIC_SAFE
OPCO_C,South Ops,OPEX_RD,R&D,OpEx,2026-06,Forecast,31540.94,GBP,SYNTHETIC_PUBLIC_SAFE
